AccountID,CustomerID,AccountType,Balance,Currency,Status,BranchID,CreatedDate
1,39,Savings,2902.78,HRK,Active,2,3/31/2021
2,540,Checking,134.11,HRK,Active,9,10/3/2022
3,349,Business,8955.25,EUR,Active,2,2/28/2024
4,152,Business,35264.35,USD,Active,34,2/21/2021
5,882,Checking,48031.88,EUR,Closed,38,10/5/2022
6,104,Checking,15158.08,USD,Active,47,9/24/2023
7,972,Checking,39612.94,EUR,Closed,12,1/2/2023
8,725,Business,34708.66,HRK,Closed,15,3/13/2024
9,682,Business,40741.27,EUR,Closed,47,4/17/2025
10,706,Checking,6454.68,HRK,Active,45,8/10/2020
11,972,Business,19640.91,HRK,Active,12,3/20/2024
12,617,Checking,46059.81,HRK,Active,41,10/24/2022
13,580,Savings,46840.72,USD,Closed,48,10/9/2022
14,80,Savings,17405.83,EUR,Active,41,1/30/2022
15,907,Savings,41100.92,HRK,Closed,29,10/2/2020
16,12,Checking,10563.25,HRK,Active,23,11/23/2021
17,263,Savings,36048.64,USD,Closed,29,2/26/2025
18,751,Checking,48458.18,EUR,Closed,25,3/21/2023
19,360,Business,18829.84,EUR,Active,11,10/4/2024
20,463,Savings,39979.81,USD,Closed,2,9/13/2021
21,327,Checking,47587.94,USD,Closed,11,5/4/2023
22,910,Checking,8129.13,USD,Active,22,3/2/2024
23,609,Business,44671.99,HRK,Active,28,2/8/2024
24,966,Business,8333.36,EUR,Active,4,9/6/2022
25,104,Checking,10356.97,USD,Closed,45,6/19/2022
26,568,Business,46286.12,HRK,Closed,43,1/4/2022
27,289,Checking,11953.66,USD,Closed,37,4/9/2023
28,563,Checking,7764.14,EUR,Active,28,4/23/2024
29,90,Checking,41212.48,HRK,Closed,13,10/29/2022
30,100,Savings,10426.95,HRK,Closed,6,2/12/2022
31,485,Savings,15486.83,EUR,Closed,32,11/15/2024
32,917,Business,13323.72,HRK,Closed,12,1/3/2024
33,380,Checking,18533.14,EUR,Active,17,2/28/2022
34,451,Checking,13243.7,EUR,Active,10,10/4/2023
35,771,Business,33406.68,USD,Closed,35,9/3/2024
36,424,Business,11452.89,USD,Closed,34,4/2/2023
37,429,Business,34384.69,EUR,Active,31,4/14/2021
38,307,Savings,19800.74,HRK,Active,33,8/8/2020
39,585,Business,40042.47,HRK,Active,8,10/4/2024
40,973,Checking,8726.66,USD,Active,13,11/12/2022
41,130,Savings,21226.41,HRK,Closed,13,8/26/2022
42,843,Business,7479.12,HRK,Closed,21,5/10/2023
43,933,Business,45717.28,USD,Active,25,6/13/2023
44,570,Checking,27647.5,EUR,Closed,1,1/17/2024
45,806,Business,31190.59,HRK,Closed,8,12/4/2022
46,425,Savings,7495.17,HRK,Active,7,7/13/2022
47,577,Savings,39308.71,HRK,Closed,27,7/21/2022
48,271,Checking,32773.9,HRK,Closed,3,12/11/2020
49,177,Checking,20208.4,HRK,Closed,3,9/18/2022
50,406,Checking,34556.64,USD,Closed,18,2/9/2021
51,919,Checking,1109.62,EUR,Closed,18,12/22/2020
52,864,Checking,42925.92,HRK,Active,15,1/10/2023
53,138,Checking,48713.55,EUR,Closed,18,11/15/2023
54,747,Checking,30288.46,USD,Active,29,2/4/2023
55,217,Checking,37073.15,HRK,Closed,4,5/9/2021
56,528,Savings,3374.29,HRK,Closed,9,10/15/2023
57,800,Business,43978.7,USD,Active,13,3/14/2025
58,897,Savings,41865.14,USD,Active,30,12/2/2023
59,52,Checking,35261.23,EUR,Closed,30,11/4/2020
60,518,Checking,31806.95,USD,Active,16,3/17/2021
61,382,Checking,29742.78,USD,Closed,38,1/21/2024
62,565,Checking,17278.03,EUR,Active,19,5/27/2024
63,29,Checking,2577.59,HRK,Active,15,8/24/2022
64,663,Savings,33916.99,EUR,Closed,33,1/8/2024
65,21,Business,544.01,USD,Active,39,4/2/2022
66,821,Savings,11266.12,HRK,Closed,46,11/15/2023
67,991,Business,32172.74,EUR,Closed,23,8/31/2020
68,471,Checking,10988.63,EUR,Closed,38,7/2/2024
69,105,Savings,25624.53,HRK,Closed,36,1/26/2024
70,663,Business,30491.6,EUR,Active,31,2/10/2023
71,66,Checking,49419.21,HRK,Closed,18,11/6/2023
72,268,Business,35583.58,HRK,Closed,13,3/21/2025
73,154,Business,38297.17,USD,Closed,43,7/15/2023
74,328,Business,7082.48,USD,Closed,19,2/17/2023
75,266,Checking,20289.48,HRK,Active,38,3/21/2023
76,726,Business,40819.13,EUR,Active,44,5/30/2024
77,548,Business,39266.36,HRK,Closed,33,12/13/2020
78,308,Savings,42047.87,HRK,Active,19,4/25/2021
79,100,Checking,6484.41,EUR,Active,44,11/29/2021
80,922,Checking,32756.29,USD,Closed,15,8/26/2021
81,763,Checking,21081.58,EUR,Closed,17,5/21/2024
82,600,Checking,23241.66,USD,Closed,4,4/12/2021
83,888,Business,29220.37,HRK,Active,31,11/6/2021
84,911,Savings,25073.82,HRK,Closed,34,4/8/2023
85,306,Checking,2797.69,USD,Active,13,10/8/2024
86,351,Checking,49360.86,EUR,Active,21,4/25/2025
87,884,Business,9099.8,USD,Closed,22,10/3/2021
88,647,Savings,15739.36,USD,Active,29,5/27/2023
89,281,Savings,38083.54,USD,Active,32,3/6/2021
90,805,Savings,6557.36,EUR,Closed,26,6/22/2020
91,440,Checking,19227.49,USD,Active,47,11/4/2020
92,383,Savings,44611.12,HRK,Active,2,7/27/2023
93,693,Savings,31371.68,USD,Active,45,11/25/2020
94,899,Checking,15673.4,USD,Closed,33,10/5/2020
95,603,Checking,8434.31,USD,Closed,19,9/3/2020
96,467,Business,26062.39,HRK,Closed,28,7/17/2021
97,910,Business,49774.07,EUR,Closed,23,9/4/2024
98,769,Savings,8327.69,EUR,Active,15,9/3/2020
99,230,Business,49245.49,USD,Active,38,5/28/2023
100,517,Savings,6245.78,HRK,Active,25,1/6/2023
101,898,Business,12863.88,HRK,Active,39,2/19/2022
102,50,Business,5494.86,USD,Active,45,5/29/2025
103,119,Checking,22271.28,USD,Closed,31,5/18/2022
104,719,Savings,10354.2,HRK,Active,20,2/12/2025
105,431,Business,5138.89,HRK,Closed,40,5/29/2021
106,621,Business,6944.46,USD,Active,19,3/15/2022
107,117,Savings,24937.18,HRK,Active,50,12/4/2020
108,270,Business,48658.67,EUR,Closed,19,11/13/2024
109,165,Savings,27452.12,USD,Closed,22,2/14/2025
110,241,Savings,736.2,USD,Active,37,7/8/2022
111,686,Checking,7542.31,USD,Active,47,12/29/2021
112,741,Savings,45248.49,HRK,Active,30,6/24/2023
113,304,Checking,23267.44,USD,Active,3,12/14/2020
114,873,Checking,18074.71,HRK,Closed,28,1/15/2025
115,757,Savings,4840.42,USD,Active,9,6/3/2025
116,680,Business,8608.56,EUR,Closed,40,2/1/2022
117,275,Business,4738.27,EUR,Active,8,11/12/2021
118,411,Checking,48119.27,EUR,Closed,45,7/19/2020
119,872,Checking,40014.96,HRK,Active,8,1/26/2021
120,136,Business,36347.91,USD,Active,27,3/27/2025
121,934,Business,24185.48,HRK,Closed,12,7/28/2020
122,626,Checking,38980.3,HRK,Active,44,10/16/2024
123,902,Business,48674.88,USD,Closed,32,3/11/2024
124,116,Checking,22090.33,USD,Closed,42,8/22/2020
125,322,Savings,35257.95,HRK,Active,43,10/19/2022
126,895,Checking,26003.07,HRK,Active,28,6/23/2024
127,678,Business,12503.99,EUR,Closed,10,2/25/2024
128,860,Business,44613.89,HRK,Active,1,9/18/2023
129,659,Savings,25327.82,EUR,Closed,11,12/13/2020
130,77,Checking,16099.63,EUR,Closed,4,6/26/2020
131,520,Savings,27569.73,EUR,Closed,16,7/7/2021
132,81,Checking,22265.02,HRK,Closed,6,4/14/2025
133,878,Checking,22408.7,USD,Closed,48,10/22/2023
134,670,Savings,5221.9,EUR,Active,36,6/30/2023
135,563,Savings,41312.85,HRK,Closed,33,11/4/2024
136,576,Savings,32764.34,EUR,Closed,24,3/22/2022
137,846,Savings,40847.78,EUR,Closed,36,3/29/2021
138,786,Business,30037.56,HRK,Closed,46,5/28/2022
139,464,Savings,4962.11,HRK,Active,1,5/4/2022
140,350,Checking,41511.21,EUR,Closed,45,5/15/2025
141,109,Savings,44854.17,EUR,Active,46,10/8/2020
142,761,Business,20519.62,EUR,Active,13,7/8/2022
143,124,Checking,10857.92,USD,Closed,7,12/10/2023
144,776,Checking,2420.37,HRK,Active,50,11/30/2020
145,914,Checking,22923.66,HRK,Active,32,5/23/2024
146,5,Business,36837.08,HRK,Closed,38,10/28/2024
147,495,Business,39075.97,USD,Active,47,1/28/2022
148,835,Savings,5267.34,HRK,Closed,33,11/5/2024
149,903,Checking,20991.37,HRK,Active,18,9/19/2021
150,408,Checking,48527.53,EUR,Active,9,1/1/2024
151,423,Business,35030.71,HRK,Closed,45,2/13/2023
152,561,Checking,35622.53,HRK,Active,13,4/4/2022
153,215,Business,35747.79,HRK,Closed,44,11/22/2024
154,136,Business,32539.31,USD,Closed,46,4/21/2024
155,119,Checking,28157.78,HRK,Closed,44,3/11/2025
156,766,Business,14367.81,EUR,Active,34,8/6/2021
157,110,Savings,19105.43,USD,Active,13,3/30/2025
158,274,Savings,49178.27,HRK,Closed,10,3/13/2024
159,860,Savings,34560.68,EUR,Active,49,1/4/2024
160,555,Savings,17998.25,EUR,Active,40,3/20/2021
161,889,Business,37000.67,USD,Closed,16,8/30/2023
162,524,Business,14453.17,HRK,Active,25,4/21/2023
163,397,Checking,47839.43,HRK,Closed,36,2/9/2023
164,56,Savings,37209.13,USD,Closed,15,4/7/2025
165,934,Business,35260.99,HRK,Closed,49,12/26/2024
166,603,Business,36948.66,USD,Active,19,5/9/2023
167,460,Savings,49174.32,USD,Active,12,4/28/2022
168,753,Business,6055.76,USD,Closed,18,5/31/2022
169,570,Checking,6590.32,HRK,Closed,1,11/28/2020
170,339,Checking,35513.5,USD,Active,10,10/18/2022
171,951,Checking,29884.33,HRK,Closed,32,2/5/2023
172,809,Business,27552.99,USD,Closed,34,12/22/2020
173,226,Savings,26078.25,HRK,Active,27,7/11/2021
174,557,Business,20230.51,EUR,Active,14,11/30/2021
175,680,Checking,16620.22,EUR,Active,49,1/4/2022
176,634,Business,23795.37,HRK,Active,8,2/16/2022
177,685,Checking,22338.8,HRK,Active,3,7/27/2022
178,699,Checking,19130.49,USD,Closed,17,6/20/2021
179,554,Business,14213.17,HRK,Closed,33,8/2/2024
180,823,Business,22333.29,USD,Closed,42,3/31/2021
181,198,Checking,25743.35,USD,Active,50,5/22/2021
182,551,Business,465.8,USD,Active,43,3/6/2023
183,645,Savings,43261.05,EUR,Active,14,4/20/2023
184,551,Business,43944,HRK,Closed,42,10/4/2023
185,837,Savings,37369.85,USD,Active,30,9/29/2021
186,735,Checking,1990.53,USD,Active,12,11/5/2023
187,814,Checking,27948.4,HRK,Active,17,12/20/2024
188,418,Checking,22611.17,EUR,Closed,21,6/22/2023
189,18,Checking,33697.61,HRK,Active,42,4/16/2021
190,738,Business,3255.56,HRK,Active,45,11/13/2022
191,869,Savings,17949.24,HRK,Active,19,11/16/2021
192,806,Business,15137.4,USD,Closed,49,7/2/2024
193,949,Checking,19132.54,HRK,Active,31,11/20/2024
194,161,Business,11071.3,HRK,Closed,35,3/27/2025
195,303,Business,7289.37,HRK,Closed,1,7/11/2023
196,567,Business,7154.56,USD,Active,37,9/23/2020
197,611,Checking,26903.89,USD,Closed,14,5/8/2025
198,767,Business,45186.96,EUR,Active,27,10/22/2022
199,928,Business,42587.8,USD,Active,12,8/21/2020
200,227,Business,41753.94,USD,Active,12,7/24/2020
201,688,Business,42627.33,HRK,Closed,42,3/9/2024
202,563,Savings,14603.57,USD,Closed,7,6/25/2021
203,203,Business,29071.72,EUR,Closed,9,7/5/2023
204,688,Business,11803.19,EUR,Active,13,8/21/2023
205,326,Checking,22587.23,HRK,Closed,45,2/18/2024
206,599,Savings,28321.05,EUR,Closed,28,5/8/2022
207,173,Savings,15729.42,USD,Closed,18,6/29/2022
208,861,Checking,6801.86,HRK,Closed,31,5/25/2025
209,474,Checking,18001.21,EUR,Closed,36,1/23/2025
210,112,Savings,32313.03,USD,Closed,9,9/12/2020
211,913,Business,9901.95,HRK,Active,47,5/6/2021
212,78,Savings,42494.4,HRK,Active,38,4/18/2021
213,593,Checking,38483.09,USD,Active,36,10/27/2023
214,267,Business,44709.9,HRK,Closed,42,8/3/2021
215,794,Savings,18354.35,USD,Closed,9,5/18/2025
216,476,Business,25569.56,EUR,Closed,33,6/2/2024
217,11,Business,12020.15,HRK,Active,49,3/26/2025
218,527,Savings,22366.4,USD,Active,48,5/8/2024
219,750,Checking,46964.85,USD,Active,49,9/20/2020
220,500,Savings,3236.77,EUR,Active,3,8/24/2022
221,685,Savings,25942.47,EUR,Closed,31,8/14/2021
222,940,Checking,44089.44,USD,Closed,7,12/15/2021
223,721,Business,31714.99,EUR,Closed,38,3/15/2022
224,558,Business,8775.11,HRK,Closed,24,3/25/2022
225,602,Business,44921.51,USD,Closed,25,10/6/2020
226,997,Savings,25866.95,EUR,Closed,32,8/5/2024
227,812,Checking,44369.88,USD,Active,29,12/1/2022
228,170,Savings,3946.7,HRK,Closed,14,5/22/2022
229,154,Savings,7952.13,HRK,Active,43,6/8/2024
230,236,Checking,40577.51,HRK,Active,31,7/6/2023
231,692,Checking,24003.16,HRK,Active,42,1/16/2022
232,854,Checking,1220.06,USD,Active,37,6/7/2021
233,607,Savings,6822.73,HRK,Active,37,8/22/2020
234,151,Savings,8400.43,USD,Closed,39,3/2/2021
235,993,Business,31917.37,HRK,Closed,6,2/18/2025
236,222,Checking,30365.64,EUR,Closed,11,12/7/2021
237,225,Checking,30081.85,HRK,Active,40,11/8/2020
238,676,Business,13299.58,HRK,Closed,30,3/12/2023
239,611,Business,3535.26,EUR,Closed,9,8/29/2022
240,112,Savings,10197.19,HRK,Closed,10,2/14/2022
241,621,Savings,8953.37,HRK,Active,35,7/1/2021
242,516,Savings,4750.18,HRK,Active,39,8/20/2020
243,553,Savings,44858.75,HRK,Closed,34,3/29/2021
244,431,Checking,43753.73,HRK,Closed,15,7/24/2023
245,961,Checking,39498.82,EUR,Closed,38,12/22/2020
246,824,Business,45402.16,HRK,Active,28,3/2/2021
247,138,Checking,23909.35,USD,Active,19,7/4/2020
248,613,Business,20491.47,USD,Active,46,7/1/2021
249,762,Savings,28941.56,USD,Active,25,5/19/2024
250,671,Savings,34419.56,EUR,Closed,24,6/11/2022
251,110,Savings,21360.97,HRK,Closed,17,2/17/2021
252,876,Business,21235.72,EUR,Closed,44,12/25/2024
253,407,Savings,20720.09,HRK,Closed,12,11/4/2021
254,380,Business,27790.08,EUR,Closed,37,11/10/2024
255,353,Business,19966.67,USD,Active,48,2/17/2021
256,236,Checking,39177.15,USD,Active,14,10/9/2024
257,521,Checking,39325.45,HRK,Active,11,5/6/2024
258,399,Business,364,USD,Active,31,2/26/2025
259,949,Business,21825.33,USD,Closed,15,4/21/2024
260,380,Savings,30490.54,HRK,Closed,26,9/8/2023
261,629,Business,26098.18,HRK,Active,50,10/2/2022
262,840,Savings,32050.54,EUR,Active,13,4/13/2022
263,871,Business,46544.85,HRK,Closed,13,4/26/2023
264,35,Business,25576.34,HRK,Active,40,1/4/2022
265,174,Business,1899.45,USD,Active,11,5/24/2021
266,89,Checking,39005.68,EUR,Closed,26,1/7/2023
267,601,Savings,25935.36,HRK,Active,6,12/21/2022
268,563,Checking,36334.32,HRK,Closed,23,11/22/2024
269,987,Checking,11392.15,USD,Closed,26,3/26/2022
270,589,Savings,13129.26,EUR,Active,36,1/22/2021
271,75,Business,14783.17,USD,Closed,35,9/26/2023
272,833,Business,12582.06,EUR,Closed,37,3/26/2025
273,496,Savings,37897.92,EUR,Closed,38,6/24/2024
274,883,Savings,24150.31,EUR,Active,25,11/2/2021
275,649,Savings,33877.96,USD,Closed,27,2/10/2024
276,979,Checking,25873.56,USD,Closed,16,7/21/2021
277,295,Savings,20006.64,HRK,Closed,5,8/31/2022
278,568,Savings,23880.12,EUR,Active,37,5/16/2023
279,276,Savings,47361.19,HRK,Active,32,12/28/2021
280,755,Savings,11819.58,USD,Closed,14,1/21/2023
281,235,Savings,41763.53,HRK,Closed,10,6/9/2021
282,798,Savings,6081.94,USD,Closed,40,1/31/2021
283,7,Business,47903.86,EUR,Closed,40,2/26/2024
284,323,Checking,44916.25,HRK,Closed,32,5/14/2023
285,188,Business,14085.3,USD,Active,4,7/25/2024
286,539,Checking,23968.17,HRK,Active,33,10/14/2021
287,356,Checking,43033.97,USD,Closed,8,12/24/2020
288,716,Business,23057.52,HRK,Active,1,4/16/2023
289,691,Savings,19033.46,USD,Closed,24,5/27/2021
290,628,Checking,9438.91,EUR,Active,18,2/23/2022
291,483,Business,17220.51,USD,Closed,28,7/3/2021
292,216,Checking,35065.56,EUR,Closed,26,12/21/2022
293,287,Checking,9076.47,USD,Active,7,6/13/2024
294,739,Checking,40223.97,HRK,Closed,25,10/29/2024
295,201,Savings,40021.87,HRK,Active,31,7/3/2020
296,826,Savings,8912.7,EUR,Active,41,3/21/2024
297,530,Business,36055.96,EUR,Closed,17,6/25/2023
298,576,Business,2480.69,USD,Active,4,1/17/2023
299,221,Checking,23879.32,HRK,Active,29,6/21/2021
300,763,Checking,13062.48,EUR,Closed,23,8/31/2020
301,21,Checking,6149.75,HRK,Active,37,3/29/2021
302,590,Business,32491.63,USD,Closed,23,3/29/2024
303,333,Business,25571.18,HRK,Closed,6,9/23/2021
304,391,Business,14397.53,HRK,Active,11,9/17/2020
305,656,Checking,21148.64,HRK,Closed,5,6/26/2020
306,82,Savings,17246.91,EUR,Closed,42,3/31/2024
307,299,Business,13446.87,HRK,Closed,18,9/22/2023
308,909,Checking,39070.6,EUR,Closed,27,11/17/2024
309,172,Savings,42725.17,USD,Active,43,3/10/2024
310,258,Business,35064.78,USD,Active,11,4/4/2024
311,407,Savings,4868.13,EUR,Active,2,10/10/2021
312,790,Checking,26246.74,USD,Active,17,6/26/2023
313,633,Savings,4307.13,EUR,Closed,15,10/19/2021
314,254,Business,14280.35,HRK,Active,9,11/21/2023
315,540,Savings,1525.71,HRK,Closed,21,12/17/2020
316,885,Checking,23412.95,HRK,Closed,36,5/19/2024
317,456,Savings,48480.16,HRK,Active,38,6/17/2023
318,612,Checking,31589.27,HRK,Closed,34,6/19/2023
319,656,Business,26735.83,EUR,Closed,35,10/26/2021
320,233,Savings,22148.83,EUR,Closed,17,11/3/2024
321,160,Checking,626.74,HRK,Active,23,3/9/2022
322,294,Checking,26801.43,HRK,Closed,49,10/10/2022
323,489,Checking,555.72,EUR,Closed,39,7/9/2023
324,237,Savings,27455.79,USD,Closed,36,12/12/2022
325,448,Checking,12569.82,HRK,Closed,25,6/28/2021
326,226,Checking,4052.57,HRK,Active,34,4/20/2025
327,783,Business,40397.99,HRK,Closed,19,10/13/2022
328,665,Business,26644.02,EUR,Closed,13,1/29/2022
329,874,Savings,9202.12,EUR,Active,41,1/4/2021
330,467,Business,22693.08,HRK,Closed,13,1/5/2025
331,329,Savings,7692.25,HRK,Active,12,12/30/2020
332,996,Savings,14177.52,USD,Closed,47,6/4/2023
333,9,Savings,4600.83,USD,Closed,14,11/15/2022
334,351,Checking,15647.68,EUR,Closed,30,10/10/2021
335,714,Savings,16579.41,USD,Active,18,7/28/2024
336,795,Checking,3662.1,EUR,Active,13,8/18/2023
337,918,Checking,40880.81,USD,Active,50,12/24/2020
338,732,Savings,19301.42,EUR,Active,48,10/10/2020
339,35,Savings,23095.65,USD,Active,31,9/16/2021
340,399,Business,48064.57,EUR,Active,41,2/17/2024
341,746,Savings,37261.76,HRK,Active,17,1/28/2022
342,493,Business,15010.77,EUR,Active,43,5/11/2022
343,224,Savings,11874.7,EUR,Closed,1,9/4/2022
344,172,Checking,29276.37,EUR,Active,1,9/30/2024
345,993,Savings,29095.74,HRK,Closed,45,7/16/2023
346,611,Savings,18632.79,USD,Active,11,3/29/2024
347,512,Savings,34328.64,EUR,Active,4,5/9/2024
348,365,Business,7780.53,HRK,Active,9,5/12/2024
349,500,Savings,15905.3,HRK,Closed,29,2/8/2023
350,751,Savings,1165.51,EUR,Closed,47,12/28/2024
351,138,Checking,44943.29,EUR,Closed,36,2/29/2024
352,302,Business,34882.18,USD,Active,35,7/10/2022
353,357,Checking,36646.88,EUR,Active,5,7/7/2021
354,544,Savings,22524.27,EUR,Closed,30,11/28/2020
355,1,Business,25347.29,HRK,Active,2,7/9/2022
356,635,Checking,38823.23,USD,Closed,47,1/8/2024
357,65,Business,48361.44,EUR,Active,34,5/28/2022
358,700,Checking,38310.13,USD,Closed,21,8/28/2024
359,420,Business,16169,USD,Active,3,5/23/2024
360,856,Savings,9014.08,USD,Active,7,10/17/2021
361,498,Savings,5027.8,HRK,Closed,43,9/2/2022
362,502,Business,31236.13,HRK,Closed,4,1/23/2023
363,376,Savings,30337.09,USD,Active,14,11/2/2021
364,672,Checking,46427.35,USD,Closed,41,12/24/2022
365,63,Checking,27945.19,EUR,Closed,46,10/9/2021
366,60,Business,13364.2,USD,Active,20,9/3/2020
367,80,Savings,48033.28,USD,Active,47,2/16/2024
368,237,Business,19328.02,USD,Active,37,3/23/2023
369,641,Savings,27965.33,HRK,Closed,48,8/9/2022
370,109,Business,28870.53,HRK,Closed,45,6/21/2020
371,682,Checking,44152.92,USD,Active,36,1/10/2024
372,412,Business,16941.89,USD,Closed,23,12/27/2023
373,925,Checking,27549.06,EUR,Closed,27,3/17/2021
374,783,Business,21586.34,HRK,Closed,39,9/21/2024
375,247,Business,27326.75,EUR,Closed,24,6/30/2020
376,985,Checking,22430.24,EUR,Active,47,1/25/2023
377,36,Checking,29828.57,HRK,Active,20,4/25/2025
378,7,Checking,49221.28,USD,Closed,2,1/19/2022
379,791,Business,41134.64,HRK,Active,7,12/4/2022
380,39,Checking,17847.22,USD,Closed,24,5/1/2021
381,911,Business,12567.86,EUR,Closed,6,11/1/2024
382,585,Checking,28496.34,USD,Active,47,2/2/2021
383,333,Checking,8727.83,HRK,Active,39,11/22/2020
384,658,Checking,1964.84,HRK,Closed,6,4/7/2021
385,799,Savings,46101.39,EUR,Closed,28,4/12/2024
386,427,Savings,43502.35,USD,Active,41,8/31/2021
387,797,Business,19186.1,EUR,Active,21,9/23/2023
388,553,Business,7564.04,HRK,Active,10,11/23/2024
389,52,Business,36605.77,EUR,Closed,49,11/4/2023
390,610,Business,25285.99,USD,Closed,19,11/7/2023
391,806,Checking,7485.82,EUR,Active,31,11/21/2021
392,586,Business,2560.62,EUR,Closed,6,8/23/2021
393,409,Business,21781.11,HRK,Active,49,9/15/2021
394,139,Checking,28008.88,EUR,Closed,42,2/9/2025
395,586,Savings,28102.26,HRK,Active,16,7/31/2021
396,74,Checking,38860.92,EUR,Active,8,6/6/2023
397,688,Checking,21234.68,EUR,Active,21,5/5/2024
398,353,Business,32804.95,EUR,Active,23,11/1/2024
399,632,Checking,31196.79,EUR,Active,15,12/4/2023
400,205,Business,18753.66,HRK,Active,8,12/24/2023
401,758,Savings,12228.11,HRK,Active,19,9/9/2024
402,15,Checking,34720.38,USD,Closed,29,7/21/2022
403,483,Savings,16660.65,HRK,Active,14,8/21/2023
404,560,Business,37542.72,HRK,Closed,40,5/18/2023
405,748,Savings,34784.05,HRK,Active,25,12/29/2022
406,597,Business,26387.27,EUR,Active,4,5/12/2024
407,291,Savings,39480.51,HRK,Closed,4,3/21/2023
408,477,Business,47264.31,USD,Closed,43,8/29/2022
409,278,Business,42618.94,HRK,Closed,7,3/7/2021
410,20,Checking,43383.78,HRK,Closed,15,1/15/2024
411,390,Business,48832.94,USD,Closed,32,11/21/2020
412,888,Business,26624.88,USD,Active,33,11/1/2022
413,990,Checking,28078.31,HRK,Active,3,10/19/2023
414,254,Business,15315.88,EUR,Closed,48,1/20/2021
415,161,Savings,17404.32,EUR,Closed,41,4/23/2025
416,310,Savings,49800.12,HRK,Closed,4,8/24/2022
417,641,Checking,43946,USD,Closed,15,12/17/2022
418,156,Checking,44869.05,HRK,Active,6,12/3/2024
419,748,Checking,26083.82,HRK,Active,27,5/15/2025
420,247,Business,7722.18,EUR,Closed,29,1/5/2021
421,556,Savings,10417.19,USD,Active,9,6/1/2024
422,317,Business,35286.31,HRK,Active,28,1/22/2025
423,931,Savings,32845.96,HRK,Active,21,7/17/2020
424,70,Business,26694.78,HRK,Active,12,9/18/2024
425,326,Savings,36381.27,EUR,Closed,27,4/4/2023
426,311,Checking,37305.93,HRK,Closed,10,11/21/2024
427,798,Savings,5427.89,USD,Active,49,11/10/2020
428,627,Business,13416.44,HRK,Active,39,4/23/2021
429,238,Savings,34400.16,EUR,Active,45,12/26/2020
430,799,Checking,6790.92,HRK,Closed,46,4/27/2023
431,666,Checking,9280.43,EUR,Closed,31,9/24/2020
432,141,Savings,9743.67,USD,Closed,49,5/25/2024
433,993,Savings,46279.21,EUR,Active,48,2/20/2022
434,688,Savings,37913.05,USD,Active,29,11/27/2024
435,888,Business,24548.15,EUR,Closed,16,11/30/2020
436,438,Checking,38833.11,HRK,Closed,47,2/3/2023
437,321,Checking,30614.09,HRK,Active,34,6/1/2022
438,112,Checking,22899.33,USD,Active,34,12/7/2024
439,551,Checking,49193.15,USD,Closed,34,10/13/2021
440,784,Business,48133.36,USD,Closed,29,11/27/2021
441,408,Checking,38706.48,EUR,Closed,11,3/3/2022
442,433,Checking,30695.4,USD,Active,30,6/11/2021
443,850,Business,22639.73,HRK,Active,12,11/5/2020
444,798,Business,46898.34,HRK,Active,26,6/12/2024
445,424,Checking,22599.2,USD,Closed,38,4/27/2024
446,919,Business,44800.17,EUR,Active,17,5/24/2021
447,332,Business,32463.96,HRK,Active,46,6/15/2022
448,751,Savings,4650.44,HRK,Closed,41,10/7/2022
449,372,Savings,26238.48,EUR,Active,25,12/8/2024
450,564,Checking,2290.91,USD,Closed,37,4/10/2024
451,893,Business,43147.36,USD,Active,12,7/14/2024
452,788,Business,2660.39,EUR,Closed,47,3/17/2022
453,788,Checking,14510.15,USD,Active,9,8/29/2024
454,984,Savings,276.29,EUR,Active,30,9/5/2022
455,510,Checking,27220.71,USD,Closed,16,12/6/2023
456,223,Business,33007.58,EUR,Closed,29,3/13/2022
457,82,Business,30045.1,USD,Closed,40,5/26/2021
458,644,Business,41024.06,USD,Active,12,6/10/2023
459,152,Savings,32698.52,USD,Active,3,12/16/2021
460,684,Business,41916.92,EUR,Closed,6,11/22/2022
461,51,Savings,20906.15,USD,Active,44,6/28/2023
462,292,Business,33080.14,HRK,Active,30,9/10/2022
463,768,Business,18073.41,USD,Active,50,9/22/2022
464,307,Checking,18491.61,EUR,Active,49,7/26/2021
465,438,Business,3339.8,EUR,Active,8,12/9/2020
466,712,Checking,16527.51,EUR,Active,45,9/3/2023
467,215,Business,3003.41,HRK,Active,31,2/24/2021
468,742,Business,30278.42,HRK,Closed,28,8/19/2020
469,624,Checking,13057.04,HRK,Closed,9,12/15/2021
470,630,Business,24870.21,HRK,Closed,32,5/10/2023
471,828,Savings,44194.82,USD,Closed,13,11/17/2020
472,2,Savings,1296.94,HRK,Active,48,11/9/2020
473,869,Savings,39998.26,EUR,Closed,3,12/16/2023
474,342,Checking,28064.73,HRK,Active,1,3/10/2023
475,656,Savings,34531.85,EUR,Active,20,8/30/2023
476,308,Business,27544.68,USD,Active,44,12/6/2023
477,342,Checking,19862.86,HRK,Active,12,12/3/2023
478,199,Checking,41707.88,HRK,Closed,31,4/21/2023
479,817,Savings,32318.05,EUR,Active,41,5/26/2023
480,472,Business,44806.84,EUR,Closed,48,5/17/2024
481,58,Business,15037.25,HRK,Closed,36,9/3/2020
482,549,Savings,10492.3,HRK,Closed,23,3/24/2022
483,68,Savings,14094.96,USD,Closed,25,10/24/2020
484,642,Business,42136.05,HRK,Closed,12,7/15/2024
485,610,Savings,43243.23,EUR,Closed,46,1/19/2021
486,33,Checking,20752.09,EUR,Active,24,12/22/2020
487,463,Checking,10885.38,EUR,Active,8,5/31/2022
488,384,Savings,38911.74,USD,Closed,33,5/8/2025
489,26,Checking,45257.29,USD,Active,22,1/24/2024
490,946,Checking,36648.81,HRK,Closed,50,12/6/2020
491,336,Savings,38497.12,USD,Active,14,1/1/2023
492,742,Savings,23022.48,HRK,Active,1,6/11/2021
493,319,Savings,34383.91,HRK,Active,22,2/14/2022
494,479,Savings,5244.83,HRK,Closed,2,10/11/2021
495,592,Checking,31978.66,USD,Closed,13,1/22/2025
496,198,Checking,13904.81,EUR,Closed,43,10/30/2024
497,121,Checking,7551.1,EUR,Active,1,10/27/2024
498,982,Business,28025.33,USD,Active,35,3/16/2024
499,359,Business,15992.4,USD,Closed,37,3/21/2024
500,251,Savings,3655.02,HRK,Closed,35,9/16/2021
501,455,Savings,6590.69,EUR,Active,7,2/22/2025
502,393,Savings,4397.37,EUR,Active,46,5/22/2024
503,611,Business,31510.59,HRK,Closed,40,9/27/2023
504,365,Checking,16683.37,USD,Active,49,9/6/2023
505,783,Checking,28432.69,USD,Closed,7,7/25/2021
506,467,Checking,34255.45,HRK,Closed,31,5/28/2022
507,238,Savings,7271.71,HRK,Closed,24,9/27/2023
508,402,Savings,35010.77,HRK,Closed,21,11/27/2020
509,465,Checking,1610.18,EUR,Active,23,3/3/2023
510,491,Checking,42303.74,EUR,Closed,39,1/8/2021
511,589,Savings,25446.69,EUR,Active,21,6/1/2022
512,570,Business,3639.11,EUR,Closed,26,3/24/2025
513,605,Checking,12004.91,USD,Active,31,12/5/2021
514,394,Savings,17101.64,HRK,Closed,28,8/28/2021
515,581,Checking,27271.89,USD,Active,43,10/2/2024
516,686,Savings,36994.42,HRK,Closed,8,7/16/2021
517,607,Business,23199.13,HRK,Active,29,6/7/2021
518,181,Checking,47798.58,USD,Active,44,12/24/2021
519,834,Business,38590.03,EUR,Closed,32,7/4/2024
520,661,Business,3167.96,USD,Active,38,9/10/2020
521,925,Business,40510.98,USD,Active,29,1/2/2021
522,545,Checking,19560.13,HRK,Closed,13,4/5/2025
523,211,Business,43883.53,EUR,Closed,28,6/29/2023
524,736,Checking,49515.43,HRK,Active,40,4/15/2021
525,523,Checking,42397.07,EUR,Active,24,5/12/2024
526,923,Business,48398.19,USD,Closed,8,2/24/2023
527,882,Checking,43297.41,USD,Closed,45,6/27/2020
528,605,Checking,31298.19,HRK,Closed,26,3/2/2021
529,391,Checking,27301.43,HRK,Active,31,3/17/2024
530,143,Savings,27815.54,EUR,Closed,10,6/26/2022
531,296,Business,6364.9,USD,Active,42,3/31/2022
532,17,Savings,36094.83,EUR,Closed,9,5/21/2025
533,87,Savings,32147.92,EUR,Closed,45,12/18/2024
534,619,Checking,31200.1,EUR,Closed,36,2/19/2023
535,840,Checking,19297.26,USD,Active,28,8/4/2023
536,620,Savings,28939.13,HRK,Active,46,2/11/2021
537,514,Checking,20600.81,HRK,Closed,3,5/16/2024
538,39,Business,24215.08,EUR,Active,38,2/5/2021
539,494,Business,4095.15,HRK,Closed,30,10/4/2021
540,530,Savings,26215.5,HRK,Active,16,3/1/2025
541,484,Business,37110.14,HRK,Active,44,8/10/2023
542,649,Business,39925.1,EUR,Active,22,10/12/2023
543,548,Savings,23496.55,HRK,Closed,37,6/20/2022
544,752,Checking,21108.7,EUR,Closed,11,9/12/2022
545,37,Business,46150.94,HRK,Closed,47,1/13/2024
546,804,Business,13096.11,HRK,Closed,38,11/10/2021
547,174,Business,2675.83,EUR,Active,19,11/14/2021
548,497,Savings,6428.38,USD,Closed,17,7/20/2023
549,136,Business,14120.5,EUR,Active,48,3/8/2023
550,115,Business,8813.23,HRK,Active,43,11/27/2022
551,458,Checking,40411.25,EUR,Active,32,10/2/2021
552,186,Business,43114.52,EUR,Active,10,8/30/2022
553,610,Savings,41896.95,EUR,Closed,16,6/30/2023
554,677,Checking,36327.35,USD,Active,37,1/4/2025
555,752,Checking,2810.86,EUR,Active,4,6/29/2022
556,172,Checking,19997.37,EUR,Closed,48,9/5/2023
557,972,Business,11759.7,HRK,Closed,31,11/7/2020
558,269,Savings,26569.06,EUR,Active,19,8/21/2022
559,950,Checking,19162,EUR,Active,7,12/9/2024
560,940,Business,31907.47,EUR,Closed,22,6/11/2024
561,277,Checking,40135.59,EUR,Closed,30,11/26/2020
562,792,Business,37479.64,HRK,Active,34,11/17/2021
563,346,Business,34544.89,USD,Closed,36,8/14/2024
564,11,Business,522.96,USD,Active,27,2/20/2021
565,101,Business,5284.97,EUR,Closed,15,6/20/2024
566,743,Checking,12669.62,USD,Active,40,11/5/2020
567,95,Savings,46931.42,HRK,Active,39,9/23/2021
568,654,Savings,35432.95,USD,Active,39,10/20/2024
569,134,Checking,32854.09,HRK,Active,8,3/14/2021
570,713,Savings,12741.45,EUR,Active,41,11/13/2020
571,465,Checking,38491.02,HRK,Closed,17,3/13/2021
572,166,Savings,13936.65,USD,Closed,25,6/29/2024
573,341,Savings,12986.11,EUR,Active,29,5/15/2023
574,72,Checking,48973.16,USD,Closed,12,2/12/2023
575,661,Checking,5510.68,HRK,Closed,14,12/27/2024
576,629,Business,5401.86,EUR,Closed,7,6/20/2022
577,36,Savings,3613.58,HRK,Closed,50,2/8/2023
578,457,Savings,44835.97,USD,Active,3,4/7/2021
579,681,Checking,13395.18,HRK,Closed,26,7/5/2021
580,589,Savings,25817.61,EUR,Closed,28,10/17/2022
581,414,Business,39068.76,USD,Active,1,8/25/2021
582,394,Business,40917.04,EUR,Active,37,4/18/2021
583,549,Checking,16738.64,EUR,Closed,4,8/3/2020
584,648,Business,4624.28,HRK,Closed,6,12/29/2023
585,862,Checking,38046.61,EUR,Active,12,9/19/2022
586,568,Savings,48378.9,HRK,Active,20,4/25/2022
587,713,Checking,44833.39,HRK,Closed,32,6/18/2022
588,87,Business,21955.39,USD,Active,3,9/2/2022
589,198,Savings,36014.98,HRK,Active,32,11/26/2020
590,399,Savings,39657.68,HRK,Closed,32,11/30/2023
591,547,Checking,48332.05,USD,Active,22,8/31/2020
592,58,Checking,39410.15,USD,Closed,8,3/13/2021
593,217,Business,33399.09,EUR,Active,48,4/15/2024
594,594,Savings,46248.31,USD,Active,32,12/11/2020
595,670,Savings,23613.86,HRK,Active,16,6/7/2024
596,719,Business,6613.83,USD,Active,20,1/18/2024
597,841,Savings,22863.61,USD,Active,7,1/18/2024
598,117,Checking,29789.37,HRK,Active,5,8/7/2020
599,824,Savings,21367.95,HRK,Closed,21,11/30/2021
600,124,Business,28840.75,USD,Closed,14,1/3/2023
601,783,Savings,29694.95,EUR,Active,8,12/2/2022
602,281,Savings,37901.75,USD,Closed,36,5/20/2025
603,169,Checking,12257.87,HRK,Active,9,7/16/2023
604,103,Business,30660.83,USD,Active,32,7/26/2024
605,83,Savings,460.48,USD,Closed,27,6/19/2023
606,711,Checking,34648.68,USD,Active,41,10/29/2021
607,278,Business,22575.91,USD,Active,40,5/9/2025
608,709,Savings,29853.97,HRK,Closed,40,12/2/2024
609,974,Savings,31396.86,EUR,Closed,27,7/16/2024
610,5,Business,11858.39,USD,Active,40,12/28/2022
611,371,Business,25426.28,EUR,Active,18,8/7/2024
612,55,Savings,5722.69,USD,Closed,32,7/18/2024
613,181,Savings,33540.12,USD,Active,42,2/13/2021
614,373,Checking,10558.53,EUR,Closed,40,4/2/2025
615,825,Checking,2261.54,HRK,Active,35,1/13/2023
616,181,Savings,39296.05,EUR,Active,5,8/14/2024
617,917,Savings,36098.01,HRK,Closed,27,11/6/2020
618,204,Business,33874.94,EUR,Active,50,6/2/2022
619,113,Checking,11466.32,USD,Closed,13,12/13/2024
620,385,Savings,3769.13,HRK,Closed,4,5/3/2021
621,912,Checking,7332.57,HRK,Closed,12,11/12/2024
622,397,Checking,6906.59,HRK,Active,41,11/22/2024
623,368,Checking,10190.32,USD,Active,45,6/18/2025
624,583,Savings,14102.15,USD,Closed,30,10/21/2024
625,429,Savings,38040.95,USD,Closed,39,12/17/2022
626,161,Business,47642.73,USD,Active,6,12/7/2022
627,422,Business,24511.75,USD,Closed,30,10/18/2024
628,286,Savings,36527.89,HRK,Active,16,11/27/2022
629,336,Checking,29015.4,HRK,Active,37,10/10/2024
630,920,Savings,20946.82,USD,Active,31,4/8/2023
631,752,Business,1777.67,HRK,Closed,31,1/19/2023
632,830,Business,41082.44,EUR,Closed,16,9/18/2022
633,86,Business,37678.63,HRK,Closed,14,9/16/2020
634,136,Checking,14859.94,HRK,Active,2,6/14/2024
635,492,Business,15311.35,HRK,Closed,37,6/12/2024
636,766,Business,1318.23,EUR,Closed,50,4/22/2025
637,142,Business,20327.48,EUR,Closed,46,8/14/2020
638,649,Savings,43033.09,USD,Closed,45,11/25/2021
639,341,Business,1732.44,EUR,Closed,45,1/27/2021
640,969,Business,27167.51,USD,Active,40,3/20/2024
641,902,Checking,36814.46,USD,Closed,4,11/27/2021
642,114,Checking,18342.98,HRK,Active,24,8/13/2023
643,376,Savings,32443.82,HRK,Active,36,11/11/2020
644,727,Savings,7006.45,EUR,Active,35,1/22/2021
645,117,Business,23976.82,HRK,Active,49,3/31/2025
646,763,Savings,16091.14,EUR,Closed,18,1/13/2024
647,56,Savings,18703.41,EUR,Closed,33,10/12/2024
648,540,Savings,23561.18,HRK,Closed,29,4/17/2021
649,636,Checking,40015.2,HRK,Active,13,5/24/2025
650,914,Checking,4456.71,EUR,Active,19,4/15/2021
651,982,Savings,5557.31,EUR,Active,45,3/29/2025
652,152,Checking,7609.85,USD,Active,19,9/15/2023
653,427,Business,27117.6,USD,Closed,23,9/15/2022
654,431,Checking,36911.69,USD,Closed,13,2/27/2021
655,65,Savings,43602.51,USD,Closed,27,5/26/2021
656,593,Checking,32822.45,EUR,Closed,38,2/17/2024
657,682,Business,26555.29,HRK,Closed,30,1/25/2021
658,312,Business,6684.52,EUR,Active,17,3/29/2025
659,233,Checking,18657.93,EUR,Active,10,6/3/2021
660,362,Checking,22850.73,USD,Active,46,2/28/2024
661,549,Checking,9195.8,USD,Active,11,5/29/2025
662,244,Savings,2153.46,EUR,Active,29,6/4/2024
663,267,Checking,9306.38,HRK,Active,43,5/2/2021
664,325,Checking,7482.42,EUR,Active,35,11/22/2023
665,309,Savings,46029.66,EUR,Closed,50,1/20/2023
666,149,Checking,46397.78,USD,Active,48,7/17/2024
667,560,Business,16630.9,HRK,Closed,31,6/29/2020
668,918,Checking,48483.32,HRK,Active,37,7/4/2021
669,747,Checking,17000.35,USD,Closed,3,8/30/2023
670,143,Business,27592.9,EUR,Active,26,6/20/2022
671,633,Savings,22354.04,USD,Closed,4,11/7/2021
672,623,Business,9837.97,HRK,Active,50,2/18/2022
673,285,Savings,1225.18,HRK,Closed,44,11/15/2022
674,688,Savings,48794.39,EUR,Active,32,1/31/2025
675,326,Business,30293.38,USD,Closed,26,6/24/2021
676,152,Business,42704.82,EUR,Closed,24,11/5/2020
677,13,Checking,17311.52,EUR,Closed,36,6/10/2024
678,90,Savings,36419.88,EUR,Closed,29,3/14/2023
679,296,Savings,40303.07,EUR,Closed,9,6/27/2024
680,856,Business,29936.99,USD,Active,20,1/2/2021
681,487,Business,49333.25,USD,Closed,6,4/19/2022
682,7,Checking,31976.42,EUR,Closed,12,12/2/2022
683,570,Checking,35541.33,USD,Active,12,4/8/2025
684,853,Checking,14544.21,EUR,Active,20,4/20/2022
685,855,Business,15265.33,HRK,Closed,15,7/28/2024
686,28,Savings,7785.8,EUR,Closed,8,11/9/2021
687,670,Business,44645.06,EUR,Active,32,7/17/2023
688,929,Business,32274.81,USD,Active,49,12/5/2024
689,284,Checking,49717.21,USD,Closed,38,8/19/2024
690,493,Business,21859.82,EUR,Closed,45,4/19/2024
691,838,Savings,18722.79,HRK,Active,17,9/25/2024
692,167,Business,3019.67,EUR,Closed,45,3/10/2024
693,139,Checking,8249.11,EUR,Closed,27,12/3/2020
694,652,Checking,2530.87,EUR,Active,33,3/26/2025
695,199,Business,9244.05,USD,Active,35,6/24/2024
696,331,Checking,41358.42,HRK,Closed,18,12/15/2021
697,702,Business,34448.5,USD,Closed,10,10/18/2024
698,14,Savings,25956.72,EUR,Closed,27,4/27/2022
699,349,Savings,5210.65,USD,Active,13,7/24/2023
700,815,Business,30710.08,HRK,Active,27,4/16/2025
701,472,Savings,5916.63,USD,Active,31,12/8/2021
702,357,Checking,34583.43,USD,Closed,39,4/16/2021
703,536,Checking,8693.14,EUR,Active,48,7/22/2023
704,835,Savings,11195.66,HRK,Active,45,9/27/2023
705,233,Checking,6354.67,USD,Active,28,1/29/2021
706,708,Savings,3978.99,EUR,Closed,3,1/4/2024
707,202,Savings,1736.36,HRK,Active,31,10/10/2021
708,122,Checking,2259.75,EUR,Active,49,3/14/2023
709,99,Savings,46012.89,USD,Active,12,1/13/2025
710,687,Checking,1560.03,USD,Closed,38,5/22/2023
711,357,Checking,8111.81,HRK,Active,33,2/1/2024
712,584,Savings,5045.37,HRK,Active,34,6/22/2023
713,223,Business,9658.22,EUR,Active,49,11/2/2022
714,551,Savings,48681.64,USD,Active,33,7/13/2024
715,872,Business,23788.3,HRK,Active,29,2/2/2024
716,690,Savings,9124.34,EUR,Closed,28,5/10/2023
717,220,Business,11454.96,USD,Closed,8,3/22/2024
718,478,Savings,26034.41,EUR,Closed,46,4/26/2022
719,296,Business,36134.61,USD,Closed,32,10/9/2023
720,119,Checking,14252.21,HRK,Closed,44,11/9/2022
721,1000,Checking,11371.08,EUR,Closed,28,11/5/2024
722,194,Savings,44748.26,EUR,Closed,12,6/28/2021
723,14,Business,24633.25,USD,Closed,29,4/17/2025
724,536,Business,33858.28,USD,Active,26,9/12/2024
725,411,Business,29568.81,USD,Active,5,12/14/2021
726,373,Savings,16997.72,HRK,Closed,8,2/11/2024
727,239,Checking,36287.5,EUR,Closed,49,1/11/2025
728,809,Business,47166.93,EUR,Closed,43,5/29/2023
729,618,Checking,49377.41,HRK,Closed,10,10/7/2021
730,787,Checking,5491.03,EUR,Closed,32,6/17/2025
731,237,Business,47125.91,USD,Active,48,9/29/2020
732,55,Savings,24956.93,USD,Active,25,9/30/2020
733,620,Business,16415.1,EUR,Active,49,12/18/2021
734,79,Business,37605.33,EUR,Closed,13,10/24/2023
735,301,Business,24945.16,HRK,Closed,35,7/10/2024
736,352,Business,27376.34,USD,Closed,8,7/10/2021
737,393,Checking,15796.5,EUR,Closed,30,8/2/2022
738,37,Savings,8925.77,HRK,Closed,46,6/28/2024
739,169,Checking,21590.99,EUR,Closed,32,2/19/2024
740,783,Savings,28485.88,EUR,Closed,31,4/27/2024
741,576,Savings,25383.58,EUR,Closed,32,12/5/2024
742,606,Checking,30885.29,EUR,Closed,21,11/2/2024
743,63,Savings,29564.12,USD,Closed,23,11/18/2023
744,829,Business,29239.95,HRK,Closed,25,7/6/2022
745,100,Checking,17322.64,EUR,Closed,23,6/2/2023
746,58,Business,12287.02,USD,Closed,38,5/29/2022
747,87,Business,3368.46,EUR,Active,22,8/27/2023
748,174,Savings,26967,USD,Closed,43,8/21/2024
749,885,Checking,28445.67,EUR,Closed,2,8/18/2021
750,713,Checking,29440.66,EUR,Closed,37,12/25/2020
751,400,Checking,28669.68,EUR,Active,45,11/16/2023
752,692,Savings,16864.78,HRK,Closed,11,8/29/2020
753,630,Checking,18230.38,EUR,Active,32,6/14/2022
754,651,Savings,42034.99,HRK,Active,19,12/2/2024
755,272,Savings,14936.28,HRK,Closed,15,4/21/2022
756,640,Business,47901.26,HRK,Active,38,12/12/2022
757,345,Checking,3456.76,HRK,Closed,28,3/3/2023
758,215,Checking,39803.02,HRK,Closed,33,10/16/2020
759,824,Checking,21702.23,HRK,Closed,13,11/12/2024
760,425,Checking,12638.11,HRK,Closed,43,6/29/2021
761,782,Business,9111.98,USD,Active,37,11/7/2020
762,512,Savings,33074.23,HRK,Closed,18,7/17/2021
763,960,Business,26682.69,HRK,Closed,37,1/19/2021
764,745,Business,3088.09,USD,Closed,30,7/28/2024
765,152,Savings,7608.59,HRK,Closed,28,4/7/2025
766,421,Checking,43023.28,USD,Active,27,12/22/2021
767,274,Checking,32337.53,EUR,Active,26,10/3/2020
768,245,Savings,7583.12,USD,Active,20,1/15/2023
769,476,Checking,28035.27,EUR,Closed,42,6/11/2021
770,928,Savings,10179.33,EUR,Active,2,9/29/2022
771,265,Checking,32967.67,USD,Active,47,11/6/2022
772,498,Savings,2860.83,USD,Closed,39,12/13/2022
773,306,Savings,45038.69,EUR,Closed,43,9/9/2022
774,674,Savings,19905.06,HRK,Active,16,9/3/2023
775,115,Business,36750.57,USD,Closed,32,7/31/2024
776,906,Savings,11980.04,USD,Closed,22,1/10/2022
777,853,Business,36888.09,HRK,Active,28,9/14/2023
778,224,Savings,5430.02,USD,Closed,29,6/28/2020
779,419,Checking,43158.71,USD,Closed,35,1/8/2021
780,384,Business,47440.67,EUR,Closed,31,10/17/2023
781,700,Savings,48169.44,USD,Closed,31,12/12/2023
782,733,Checking,41086.13,USD,Active,48,6/12/2023
783,679,Savings,34565.05,HRK,Active,17,3/27/2021
784,566,Checking,15532.5,HRK,Closed,44,7/30/2022
785,125,Business,43360.95,EUR,Closed,1,11/20/2021
786,932,Checking,46382.62,EUR,Closed,6,9/16/2021
787,959,Savings,14941.4,USD,Closed,41,6/24/2022
788,325,Business,20373.81,USD,Closed,6,2/8/2022
789,843,Checking,23607.46,EUR,Closed,46,7/3/2020
790,433,Savings,41237.6,HRK,Closed,33,4/29/2025
791,68,Checking,21101.44,HRK,Closed,30,5/12/2025
792,712,Savings,38122.57,HRK,Active,41,8/16/2023
793,455,Business,6891,EUR,Active,41,11/10/2022
794,313,Checking,28832.89,USD,Active,16,12/31/2023
795,529,Business,48486.26,HRK,Active,39,11/21/2021
796,703,Checking,39652.85,EUR,Closed,31,6/11/2024
797,895,Business,6762.14,USD,Closed,19,6/22/2023
798,204,Savings,20783.37,USD,Closed,25,8/6/2022
799,968,Business,11301.91,USD,Active,6,2/1/2023
800,998,Checking,9993.48,HRK,Active,4,6/21/2024
801,411,Business,21502.28,EUR,Active,6,12/10/2020
802,982,Checking,8589.13,HRK,Active,1,12/10/2024
803,736,Business,21814.42,EUR,Closed,8,10/15/2021
804,230,Business,10236.95,EUR,Closed,48,8/29/2020
805,507,Checking,6596.95,USD,Active,19,1/20/2023
806,745,Business,9549.22,USD,Closed,10,2/6/2021
807,30,Checking,48808.8,USD,Closed,16,11/14/2024
808,379,Business,34244.93,EUR,Active,1,9/1/2020
809,481,Savings,43585.03,HRK,Closed,44,3/17/2023
810,218,Business,19236.42,EUR,Closed,5,9/7/2020
811,98,Business,3031.74,EUR,Active,31,9/25/2024
812,931,Checking,49837.3,HRK,Active,1,4/2/2025
813,260,Business,31020.93,EUR,Closed,43,8/7/2021
814,380,Savings,48406.08,HRK,Active,38,8/14/2021
815,184,Checking,8576.34,EUR,Closed,30,12/23/2020
816,136,Savings,15934.14,HRK,Closed,10,6/11/2022
817,267,Savings,15732.15,USD,Closed,18,7/31/2020
818,766,Checking,46319.23,EUR,Closed,40,4/26/2024
819,850,Checking,25896.94,EUR,Active,21,8/3/2024
820,755,Checking,38207.4,USD,Closed,4,9/9/2024
821,194,Savings,2822.9,USD,Active,31,2/16/2021
822,267,Savings,35327.55,EUR,Active,32,6/14/2021
823,42,Checking,17890.35,HRK,Closed,30,10/12/2022
824,505,Savings,42307.33,USD,Active,23,10/5/2021
825,96,Savings,43421.84,USD,Active,48,2/17/2024
826,521,Checking,28206.04,HRK,Active,38,3/17/2024
827,995,Savings,26348.17,HRK,Active,27,9/22/2020
828,943,Savings,12383.26,EUR,Active,22,9/19/2021
829,27,Checking,34097.49,HRK,Active,26,5/24/2021
830,383,Business,46464.51,USD,Closed,10,1/4/2025
831,30,Savings,23065.64,HRK,Closed,30,8/10/2021
832,644,Checking,29750.79,USD,Closed,3,4/21/2021
833,672,Business,47549.71,EUR,Active,14,3/18/2024
834,884,Savings,40097.74,EUR,Closed,4,1/28/2023
835,762,Savings,27403.1,HRK,Closed,6,11/29/2020
836,409,Checking,8982.74,EUR,Active,2,12/22/2020
837,873,Savings,8230.74,EUR,Closed,42,11/12/2022
838,771,Business,7791.32,EUR,Closed,28,10/17/2020
839,754,Checking,45196.34,HRK,Active,23,2/1/2022
840,682,Savings,41619.44,HRK,Active,32,12/27/2020
841,457,Checking,23874.34,HRK,Closed,6,12/24/2020
842,775,Checking,40568.62,HRK,Active,28,12/8/2020
843,646,Checking,4738.08,HRK,Closed,30,1/24/2022
844,693,Savings,32415.77,HRK,Active,32,2/17/2021
845,540,Business,32396.55,USD,Closed,30,9/25/2024
846,448,Savings,45369.66,EUR,Closed,10,4/24/2024
847,131,Business,45154.89,USD,Closed,19,5/11/2024
848,583,Savings,27594.62,USD,Active,33,8/29/2020
849,436,Checking,4814.77,HRK,Closed,23,2/4/2021
850,261,Business,4180.3,HRK,Active,8,12/12/2023
851,759,Business,23197.66,USD,Closed,3,4/1/2022
852,86,Checking,43850.09,EUR,Closed,38,1/14/2025
853,742,Checking,37891.98,EUR,Closed,22,9/22/2024
854,990,Savings,10632.31,USD,Closed,44,4/2/2024
855,109,Checking,26765.36,USD,Closed,8,9/29/2022
856,14,Savings,32824.47,EUR,Closed,43,3/24/2023
857,989,Business,30134.18,EUR,Closed,40,8/23/2023
858,833,Business,18100.37,HRK,Closed,20,9/22/2020
859,90,Savings,6842.19,USD,Active,2,2/22/2025
860,713,Savings,42964.7,USD,Closed,42,3/7/2021
861,149,Business,12164.83,HRK,Active,6,11/12/2024
862,309,Checking,7493.47,EUR,Active,8,4/8/2021
863,171,Savings,36965.18,EUR,Closed,31,6/29/2023
864,21,Checking,29302.79,USD,Closed,37,2/3/2021
865,850,Checking,2641.02,USD,Active,41,5/20/2025
866,868,Business,21646.22,EUR,Closed,48,1/15/2024
867,593,Business,36580.82,EUR,Active,32,11/22/2024
868,410,Checking,25716.45,HRK,Closed,15,12/11/2022
869,732,Savings,26462.61,EUR,Closed,36,2/13/2021
870,66,Checking,44654.57,EUR,Closed,8,9/15/2021
871,507,Business,46954.33,EUR,Closed,45,3/20/2021
872,447,Savings,8150.54,HRK,Active,31,2/28/2024
873,353,Checking,11681.95,USD,Closed,39,6/3/2021
874,874,Business,32882.21,USD,Closed,47,7/11/2023
875,729,Checking,47994.19,HRK,Closed,31,2/16/2021
876,819,Savings,31129.93,EUR,Active,43,12/9/2024
877,495,Savings,8747.23,USD,Closed,7,3/10/2023
878,813,Checking,47158.43,EUR,Closed,16,6/12/2022
879,215,Business,2447.76,USD,Closed,17,12/29/2021
880,366,Business,8014.41,HRK,Active,5,10/2/2021
881,346,Checking,5787.07,USD,Active,36,10/22/2024
882,230,Checking,12965.32,EUR,Closed,50,5/8/2023
883,48,Business,13447.81,USD,Active,46,11/7/2020
884,52,Checking,39969.45,USD,Active,40,3/17/2025
885,625,Savings,41198.15,USD,Active,11,4/7/2022
886,646,Savings,43556.39,EUR,Active,47,12/5/2024
887,300,Business,22131.74,HRK,Closed,47,4/10/2022
888,892,Savings,7799.36,EUR,Closed,9,8/20/2021
889,126,Savings,22011.51,EUR,Active,16,9/12/2024
890,855,Checking,17131.87,HRK,Active,6,1/18/2024
891,273,Checking,35788.47,EUR,Closed,41,11/28/2022
892,681,Savings,7665.4,HRK,Closed,15,7/16/2021
893,142,Checking,20729.13,EUR,Closed,34,8/14/2021
894,814,Business,18152.54,USD,Closed,10,3/13/2022
895,789,Savings,35909.52,HRK,Active,6,5/13/2021
896,347,Checking,20142.38,USD,Closed,4,4/25/2024
897,403,Savings,33042.79,HRK,Active,37,11/29/2020
898,60,Business,49004.35,HRK,Closed,27,3/11/2024
899,412,Business,35069.44,EUR,Closed,23,5/20/2021
900,9,Checking,45020.41,HRK,Active,45,7/17/2023
901,414,Checking,32229.58,HRK,Closed,45,7/2/2024
902,354,Business,20284.83,USD,Closed,6,10/22/2022
903,38,Business,16791.2,HRK,Active,34,4/25/2023
904,554,Checking,10765.35,HRK,Closed,34,5/25/2023
905,349,Business,8085.36,USD,Closed,16,1/20/2021
906,853,Checking,36352.81,HRK,Active,47,9/15/2022
907,62,Checking,13061.85,HRK,Closed,8,1/20/2022
908,49,Business,47073.02,EUR,Closed,37,5/23/2023
909,755,Savings,22712.04,USD,Active,23,6/1/2021
910,307,Checking,33379.43,HRK,Active,46,8/21/2024
911,387,Business,36901.86,USD,Closed,34,5/1/2021
912,597,Savings,41159.85,EUR,Closed,7,9/4/2020
913,151,Business,21342.04,EUR,Active,6,11/8/2022
914,64,Checking,44436.61,EUR,Active,29,4/26/2025
915,80,Checking,33873.44,EUR,Closed,17,7/28/2022
916,599,Checking,31859.41,EUR,Closed,47,12/31/2021
917,997,Checking,41208.21,USD,Active,32,1/21/2023
918,729,Checking,6556.32,HRK,Active,45,10/9/2023
919,218,Checking,23720.44,HRK,Active,36,1/4/2024
920,379,Savings,30119.85,EUR,Active,8,7/12/2021
921,379,Business,14550.57,HRK,Active,8,8/16/2022
922,381,Checking,49551.9,EUR,Closed,32,8/29/2022
923,29,Savings,7192.78,HRK,Closed,4,3/28/2023
924,960,Checking,44463.95,USD,Active,48,9/19/2022
925,501,Savings,6204.16,EUR,Active,3,11/23/2024
926,428,Checking,28695.65,HRK,Closed,22,7/1/2024
927,801,Checking,23813.85,HRK,Active,49,6/15/2023
928,142,Business,31859.37,EUR,Closed,10,10/30/2020
929,888,Business,16328.29,HRK,Closed,25,11/3/2024
930,239,Checking,17015.99,USD,Closed,48,3/4/2024
931,285,Business,4517.64,USD,Active,37,6/21/2025
932,646,Business,15511.52,HRK,Active,42,4/26/2021
933,573,Savings,9702.09,HRK,Active,37,7/5/2022
934,535,Savings,37552.87,HRK,Active,8,4/10/2024
935,675,Business,9069.2,USD,Closed,14,10/17/2020
936,252,Business,41961.98,HRK,Closed,6,12/2/2021
937,827,Business,30382.06,EUR,Active,32,10/5/2021
938,883,Savings,17063.83,USD,Closed,2,7/13/2020
939,881,Business,15937.38,EUR,Active,8,6/8/2022
940,102,Business,8490.98,USD,Active,17,6/23/2021
941,787,Savings,7795.95,EUR,Active,4,12/6/2022
942,630,Checking,9154.75,HRK,Active,20,12/1/2023
943,400,Savings,16070.07,EUR,Closed,17,3/17/2024
944,385,Savings,2688.72,USD,Active,32,8/4/2020
945,521,Business,19313.93,USD,Closed,4,10/18/2020
946,326,Checking,27700.74,USD,Closed,2,12/27/2021
947,418,Business,11763.65,USD,Closed,36,3/5/2021
948,987,Business,33787.36,USD,Active,20,10/27/2022
949,582,Checking,22354.51,HRK,Active,10,5/24/2022
950,383,Business,49266.9,USD,Closed,36,5/5/2023
951,463,Savings,149.95,EUR,Closed,42,5/5/2025
952,996,Savings,127.09,EUR,Closed,39,3/2/2022
953,257,Business,19069.66,EUR,Active,38,6/9/2024
954,861,Business,14137.43,USD,Active,20,3/20/2021
955,92,Checking,34951.62,USD,Closed,28,11/15/2020
956,216,Business,25290.53,EUR,Closed,41,1/29/2024
957,268,Business,22690.63,USD,Closed,22,9/12/2024
958,216,Checking,47953.73,EUR,Active,45,6/22/2022
959,137,Business,46120.66,HRK,Closed,1,5/3/2024
960,924,Savings,33668.05,EUR,Closed,49,12/26/2021
961,403,Business,4149.32,HRK,Active,35,12/20/2024
962,32,Business,22314.32,USD,Closed,25,5/10/2021
963,848,Business,17962.49,USD,Active,8,4/8/2024
964,474,Checking,46818.77,EUR,Active,15,1/20/2021
965,761,Savings,37945.21,HRK,Closed,13,8/1/2020
966,93,Business,31299.3,HRK,Active,15,1/24/2023
967,506,Checking,1936.12,EUR,Active,1,4/24/2021
968,201,Business,19864.7,EUR,Closed,11,9/8/2023
969,566,Savings,33025.94,HRK,Active,5,2/20/2024
970,603,Savings,37324.07,USD,Closed,37,7/19/2021
971,877,Savings,44062.05,HRK,Closed,13,8/12/2023
972,869,Business,1253.56,HRK,Closed,44,12/23/2023
973,574,Checking,197.55,EUR,Active,21,3/7/2021
974,443,Checking,13774.38,HRK,Closed,32,9/26/2021
975,371,Business,37975.18,HRK,Active,4,3/11/2021
976,285,Checking,26667.27,EUR,Active,26,8/28/2022
977,200,Checking,4182.26,HRK,Active,48,6/9/2025
978,232,Business,21248.63,USD,Active,13,9/2/2023
979,169,Checking,15609.21,HRK,Active,2,7/13/2022
980,492,Checking,40422.15,HRK,Closed,17,7/14/2023
981,254,Savings,23731.47,EUR,Active,22,11/16/2022
982,533,Savings,47183.02,HRK,Closed,49,9/2/2021
983,98,Business,22378.16,USD,Active,4,3/7/2023
984,939,Savings,18932.02,HRK,Active,9,7/17/2020
985,64,Checking,2833.96,HRK,Closed,5,5/7/2025
986,105,Business,2883.92,USD,Closed,25,12/1/2023
987,412,Savings,30903.37,EUR,Active,39,8/26/2021
988,807,Business,31238.01,EUR,Closed,30,5/9/2025
989,815,Checking,44008.91,HRK,Active,22,3/3/2024
990,667,Business,39168.16,EUR,Closed,38,5/8/2024
991,198,Savings,5224.21,HRK,Active,38,10/29/2020
992,809,Savings,45228.06,USD,Closed,23,8/8/2021
993,432,Checking,36258.69,EUR,Active,16,1/14/2024
994,141,Savings,3118.51,EUR,Closed,33,10/13/2020
995,983,Business,37743.24,EUR,Active,10,9/3/2020
996,481,Checking,30206.14,EUR,Closed,1,8/16/2020
997,531,Business,32918.07,USD,Active,16,3/4/2021
998,520,Business,42949.24,EUR,Closed,13,8/3/2021
999,1000,Savings,32063.68,USD,Active,22,9/23/2021
1000,194,Business,23838.68,HRK,Closed,39,6/21/2020
1001,710,Checking,42615.23,HRK,Closed,40,8/26/2021
1002,307,Checking,16498.09,USD,Closed,3,4/27/2025
1003,508,Savings,46005.68,HRK,Active,45,9/2/2022
1004,236,Checking,31233.61,USD,Closed,48,8/20/2022
1005,787,Checking,40382.84,EUR,Active,26,10/3/2024
1006,189,Savings,18204.58,USD,Closed,2,4/12/2022
1007,569,Savings,7205.86,EUR,Active,41,5/1/2021
1008,600,Checking,2290.85,USD,Active,13,5/20/2021
1009,291,Savings,11025.36,EUR,Active,22,2/19/2021
1010,868,Business,12373.62,USD,Active,12,7/6/2022
1011,864,Checking,45541.38,USD,Active,25,10/21/2022
1012,671,Savings,16985.33,USD,Closed,30,4/6/2023
1013,246,Checking,40493.44,HRK,Active,34,11/6/2024
1014,819,Business,44095.02,HRK,Active,8,2/25/2023
1015,148,Savings,39765.42,USD,Closed,45,7/13/2024
1016,384,Checking,30017.5,HRK,Active,3,10/10/2024
1017,782,Business,29407.56,HRK,Closed,10,3/29/2022
1018,336,Savings,2757.62,EUR,Active,33,4/25/2025
1019,992,Business,44303.13,USD,Active,31,11/29/2021
1020,810,Business,30782.83,USD,Closed,49,5/13/2025
1021,904,Business,37581.7,EUR,Closed,34,10/18/2022
1022,476,Savings,16158.97,EUR,Closed,46,6/5/2023
1023,979,Checking,23740.53,HRK,Closed,41,1/28/2024
1024,944,Business,32521.89,USD,Active,13,9/23/2023
1025,463,Savings,19855.41,EUR,Closed,25,6/21/2024
1026,586,Savings,46781.4,EUR,Closed,36,4/9/2024
1027,87,Savings,37605.98,EUR,Closed,34,1/28/2025
1028,361,Savings,29239.72,EUR,Closed,28,3/1/2021
1029,462,Checking,21682.03,EUR,Closed,21,11/4/2024
1030,280,Checking,1333.44,EUR,Active,17,10/9/2023
1031,661,Savings,18018.74,USD,Closed,33,1/12/2025
1032,526,Business,32218.35,EUR,Active,7,8/15/2024
1033,122,Savings,18075.82,HRK,Active,22,11/18/2020
1034,202,Business,16529.14,EUR,Closed,13,1/8/2021
1035,723,Business,49899.99,HRK,Closed,1,11/3/2021
1036,789,Checking,14164.08,EUR,Closed,26,11/24/2022
1037,842,Business,37914.52,USD,Closed,42,7/5/2020
1038,525,Savings,43286.76,USD,Active,47,8/5/2022
1039,768,Savings,23774.47,HRK,Closed,47,3/24/2025
1040,834,Checking,17098.91,USD,Closed,13,10/8/2022
1041,440,Business,20942.62,EUR,Closed,36,7/23/2024
1042,31,Checking,7033.62,USD,Closed,48,11/11/2024
1043,10,Checking,40539.03,EUR,Closed,15,1/29/2021
1044,430,Checking,34319.56,EUR,Closed,21,8/9/2021
1045,602,Savings,28422.11,USD,Active,10,11/2/2021
1046,976,Checking,28452.73,HRK,Closed,25,11/6/2021
1047,210,Checking,3279.09,EUR,Active,31,12/28/2022
1048,112,Checking,28518.8,EUR,Closed,6,4/17/2023
1049,176,Savings,33776.79,USD,Active,45,2/14/2021
1050,618,Checking,1439.24,USD,Active,25,9/20/2020
1051,291,Savings,11728.67,HRK,Active,30,10/21/2020
1052,59,Checking,25974.73,USD,Closed,27,1/6/2021
1053,401,Savings,49480.8,USD,Closed,31,10/13/2020
1054,761,Savings,19510.75,USD,Active,14,5/13/2022
1055,318,Checking,40913.02,HRK,Closed,11,4/18/2025
1056,619,Business,46963.8,HRK,Active,33,7/5/2023
1057,734,Business,23001.93,USD,Active,10,3/25/2025
1058,457,Savings,41246.67,HRK,Active,34,11/25/2022
1059,337,Business,43974.05,EUR,Closed,37,9/7/2020
1060,41,Business,4646.02,HRK,Closed,23,3/27/2022
1061,718,Business,39638.1,EUR,Active,27,3/10/2025
1062,256,Savings,45008.23,HRK,Closed,30,12/15/2023
1063,394,Business,9253.87,HRK,Active,26,12/2/2021
1064,716,Savings,12060.79,USD,Closed,41,1/24/2022
1065,551,Checking,33366.18,USD,Active,32,7/23/2024
1066,422,Business,6149.41,EUR,Active,49,10/9/2022
1067,108,Business,38350.3,EUR,Closed,29,4/29/2025
1068,169,Checking,10447.87,USD,Closed,2,2/17/2024
1069,75,Business,34754.84,HRK,Closed,25,8/8/2020
1070,352,Business,20027.16,USD,Closed,3,1/15/2022
1071,11,Checking,5822.67,USD,Closed,43,4/7/2021
1072,767,Checking,24289.49,USD,Active,36,8/31/2024
1073,673,Savings,35707.72,EUR,Active,31,12/7/2023
1074,841,Checking,42093.97,USD,Active,39,4/2/2025
1075,103,Savings,14777.82,HRK,Closed,11,2/16/2022
1076,80,Business,38203.09,HRK,Closed,10,8/11/2023
1077,452,Checking,8979.22,HRK,Active,44,3/8/2021
1078,546,Savings,22158.7,USD,Active,25,9/4/2023
1079,707,Checking,22254.94,HRK,Active,4,9/20/2022
1080,791,Checking,38379,USD,Closed,16,2/20/2021
1081,205,Savings,900.32,USD,Active,22,10/1/2023
1082,841,Savings,34029.98,USD,Active,7,11/16/2023
1083,817,Business,8477.36,USD,Active,27,8/12/2020
1084,525,Savings,40799.65,EUR,Active,40,6/22/2022
1085,213,Business,19813.69,EUR,Active,15,4/13/2025
1086,219,Savings,17893.16,USD,Active,26,4/1/2021
1087,670,Checking,697.87,USD,Closed,15,2/18/2024
1088,68,Business,40772.74,HRK,Closed,3,11/21/2020
1089,69,Savings,20613.73,HRK,Closed,7,8/14/2021
1090,730,Business,39583.86,HRK,Active,17,4/6/2024
1091,983,Savings,30033.37,HRK,Closed,44,12/23/2023
1092,947,Business,6733.28,USD,Closed,43,2/20/2025
1093,494,Savings,16821.75,HRK,Closed,25,3/10/2023
1094,524,Business,37116.51,HRK,Active,15,12/10/2023
1095,22,Business,37971.16,USD,Closed,16,9/8/2024
1096,756,Checking,37886.56,HRK,Active,4,1/6/2022
1097,141,Checking,24986.45,USD,Active,25,11/26/2022
1098,210,Business,1991.55,HRK,Closed,48,10/19/2020
1099,899,Checking,6799.92,EUR,Active,34,11/1/2020
1100,811,Checking,32437.52,EUR,Active,15,10/23/2024
1101,868,Business,16630.39,USD,Active,35,6/6/2022
1102,56,Business,49419.98,HRK,Active,39,7/20/2023
1103,894,Checking,26121.45,USD,Closed,41,10/4/2024
1104,7,Savings,43506.35,USD,Active,4,1/9/2025
1105,650,Savings,46919.9,USD,Active,12,2/19/2021
1106,607,Business,41577.92,USD,Active,33,11/29/2021
1107,81,Checking,36276.96,EUR,Active,47,5/25/2025
1108,203,Savings,21258.44,HRK,Active,20,6/3/2024
1109,293,Business,22468.73,HRK,Active,18,10/29/2021
1110,884,Checking,4092.8,EUR,Closed,25,9/30/2023
1111,172,Checking,22124.67,HRK,Closed,49,12/16/2021
1112,160,Checking,1088.57,EUR,Closed,6,8/2/2022
1113,778,Checking,29799.65,USD,Active,17,10/14/2024
1114,390,Checking,15361.78,EUR,Closed,36,6/8/2023
1115,621,Checking,3689.79,USD,Closed,13,11/30/2020
1116,159,Savings,308.61,HRK,Closed,32,1/28/2024
1117,415,Checking,47020.22,HRK,Closed,25,6/26/2020
1118,502,Checking,32088.33,HRK,Active,27,11/11/2022
1119,907,Savings,49624.38,USD,Closed,37,10/8/2023
1120,167,Savings,38171.25,EUR,Closed,33,1/20/2021
1121,727,Checking,31785.49,EUR,Active,42,10/12/2022
1122,395,Checking,36809.64,USD,Closed,3,5/31/2021
1123,944,Checking,31584.54,HRK,Active,45,11/10/2020
1124,682,Business,7479.43,HRK,Closed,44,12/29/2024
1125,151,Checking,12446,HRK,Active,1,1/5/2025
1126,120,Savings,32255.43,EUR,Closed,46,1/22/2023
1127,601,Savings,25975,USD,Closed,11,9/29/2020
1128,850,Checking,12718.27,EUR,Closed,38,3/11/2023
1129,316,Business,20639.29,HRK,Active,7,2/8/2021
1130,652,Business,38856.89,EUR,Active,18,8/13/2020
1131,767,Savings,46507.84,EUR,Closed,1,11/4/2024
1132,173,Checking,178.77,USD,Closed,34,8/6/2023
1133,427,Business,14488.18,EUR,Active,12,10/14/2022
1134,384,Savings,35231.96,USD,Closed,12,12/4/2024
1135,515,Savings,22587.97,USD,Active,13,9/23/2020
1136,61,Business,9218.2,USD,Closed,27,7/28/2024
1137,452,Business,45657.27,USD,Active,6,3/23/2022
1138,301,Savings,18948.65,EUR,Active,22,7/11/2022
1139,31,Business,11815.53,EUR,Active,1,1/30/2023
1140,63,Checking,37614.75,USD,Active,7,8/5/2023
1141,217,Business,39610.15,EUR,Closed,32,4/13/2021
1142,485,Checking,30258.14,EUR,Closed,44,2/5/2022
1143,912,Checking,49972.31,USD,Closed,43,3/2/2025
1144,409,Checking,30579.37,EUR,Closed,7,5/23/2024
1145,4,Checking,43540.02,EUR,Active,2,6/9/2025
1146,617,Savings,43463.36,EUR,Active,24,3/7/2021
1147,463,Business,34340.63,EUR,Closed,43,12/11/2023
1148,193,Savings,49310.45,EUR,Active,41,1/8/2023
1149,369,Savings,48482.92,HRK,Closed,44,9/6/2024
1150,455,Savings,30377.47,EUR,Active,23,9/27/2023
1151,439,Checking,49344.89,HRK,Active,47,5/29/2025
1152,395,Checking,30397.97,HRK,Active,34,9/24/2023
1153,898,Business,39264.61,HRK,Active,9,6/24/2023
1154,510,Savings,15137.28,HRK,Closed,11,8/13/2020
1155,918,Checking,47757.06,EUR,Active,16,11/24/2020
1156,217,Savings,37687.3,HRK,Active,7,12/27/2020
1157,446,Business,1558.17,EUR,Closed,50,11/27/2021
1158,288,Savings,35986.83,HRK,Closed,43,2/14/2022
1159,127,Business,6874.25,HRK,Closed,6,12/24/2024
1160,815,Business,16706.78,USD,Active,42,12/24/2023
1161,352,Checking,45517.34,HRK,Closed,42,4/10/2023
1162,658,Business,48315.78,EUR,Active,15,2/17/2025
1163,266,Savings,14619.73,USD,Active,22,2/21/2022
1164,759,Business,46866.81,HRK,Active,37,8/7/2024
1165,377,Savings,42681.18,EUR,Active,20,9/16/2021
1166,64,Business,26826.59,EUR,Closed,21,4/3/2024
1167,790,Checking,39896.16,USD,Active,7,1/11/2024
1168,405,Savings,26960.82,EUR,Closed,10,5/28/2025
1169,836,Checking,41877.11,EUR,Closed,10,11/10/2023
1170,616,Checking,7378.95,HRK,Active,39,5/14/2022
1171,328,Checking,25168.66,HRK,Active,18,3/3/2022
1172,869,Business,28741.2,HRK,Active,32,8/22/2024
1173,299,Business,48328.14,USD,Closed,10,8/3/2022
1174,848,Business,10609.59,HRK,Active,45,11/8/2022
1175,754,Savings,46165.58,USD,Closed,47,12/7/2023
1176,402,Checking,49221.04,HRK,Active,2,1/9/2025
1177,562,Checking,16936.77,HRK,Closed,23,3/14/2024
1178,776,Checking,19614.05,HRK,Closed,19,11/6/2020
1179,714,Savings,35085.32,HRK,Closed,7,3/16/2024
1180,135,Checking,37638.1,HRK,Active,46,12/9/2020
1181,312,Checking,32766.24,HRK,Active,29,2/24/2021
1182,713,Checking,14624.97,USD,Active,14,12/26/2023
1183,824,Business,9863.19,HRK,Active,24,10/16/2021
1184,744,Business,5187.2,USD,Closed,28,5/28/2023
1185,696,Savings,46306.67,USD,Closed,31,5/9/2023
1186,184,Savings,5955.61,HRK,Closed,38,1/15/2025
1187,445,Savings,31385.93,EUR,Active,3,1/15/2023
1188,122,Savings,19892.58,EUR,Active,42,9/13/2022
1189,764,Checking,38814.91,HRK,Active,50,2/3/2021
1190,475,Business,19166.84,HRK,Closed,24,6/13/2022
1191,12,Savings,5919.72,USD,Closed,42,8/22/2024
1192,685,Business,11324.26,HRK,Closed,18,9/12/2020
1193,711,Business,4818.21,HRK,Active,25,11/12/2024
1194,496,Business,35166.58,EUR,Active,7,9/13/2022
1195,334,Savings,35717.03,HRK,Active,26,11/26/2024
1196,833,Business,1085.34,HRK,Closed,5,2/20/2025
1197,532,Business,26995.19,HRK,Active,49,5/9/2022
1198,772,Savings,48287.48,USD,Active,39,12/17/2024
1199,712,Savings,365.67,EUR,Closed,8,8/29/2021
1200,41,Savings,28796.54,HRK,Active,6,1/18/2023
1201,576,Checking,42587.36,USD,Active,8,2/23/2022
1202,519,Checking,18241.63,HRK,Active,28,8/30/2023
1203,968,Business,104.27,EUR,Active,34,2/23/2024
1204,927,Checking,32991.96,EUR,Active,37,5/25/2025
1205,503,Business,15715.51,EUR,Active,45,12/25/2020
1206,102,Business,41006.19,USD,Active,13,9/22/2020
1207,146,Checking,42818.65,USD,Active,39,1/1/2021
1208,566,Savings,29629.98,EUR,Active,47,1/31/2021
1209,638,Checking,3810.55,EUR,Closed,25,8/4/2022
1210,666,Savings,20062.96,USD,Closed,44,12/31/2024
1211,436,Business,7247.87,USD,Active,41,8/21/2023
1212,751,Checking,49768.43,HRK,Active,46,12/17/2021
1213,382,Business,32900.17,HRK,Active,27,5/31/2021
1214,842,Savings,15886.38,EUR,Closed,2,1/8/2025
1215,988,Business,12450.13,EUR,Active,35,4/7/2021
1216,113,Business,27463.6,USD,Closed,41,7/29/2022
1217,92,Checking,45471.34,EUR,Active,15,8/28/2020
1218,281,Savings,4987.55,USD,Closed,7,1/13/2025
1219,802,Savings,8869,HRK,Closed,38,5/30/2021
1220,842,Checking,4867.47,EUR,Closed,36,3/25/2025
1221,278,Business,5043.4,USD,Active,21,8/15/2021
1222,970,Checking,9115.56,HRK,Closed,31,10/3/2022
1223,607,Savings,13027.15,HRK,Active,43,3/3/2022
1224,130,Savings,19002.15,HRK,Closed,4,12/11/2021
1225,941,Business,31995.76,EUR,Active,44,10/27/2024
1226,624,Checking,35368.66,USD,Closed,23,9/24/2023
1227,818,Checking,25161.24,EUR,Closed,34,4/10/2021
1228,965,Business,44081.25,USD,Closed,41,3/28/2024
1229,879,Savings,47377.99,EUR,Closed,6,12/22/2023
1230,650,Savings,3926.99,USD,Active,11,8/5/2024
1231,590,Savings,4320.8,EUR,Closed,1,5/1/2024
1232,986,Checking,33883.95,HRK,Active,31,5/29/2022
1233,510,Business,34287.58,HRK,Active,26,7/1/2022
1234,15,Business,9590.18,HRK,Active,46,2/13/2023
1235,436,Business,26762.81,EUR,Active,48,1/14/2021
1236,678,Business,34235.5,USD,Closed,11,8/10/2020
1237,691,Business,45199.55,USD,Active,24,6/14/2023
1238,860,Savings,25732.86,USD,Closed,32,8/15/2024
1239,389,Savings,18726.86,USD,Closed,44,1/13/2021
1240,256,Business,42553.77,USD,Closed,20,3/28/2021
1241,495,Checking,13311.06,USD,Closed,14,2/25/2023
1242,946,Checking,46462.54,HRK,Active,30,11/19/2023
1243,914,Business,42432.75,USD,Closed,1,7/2/2022
1244,631,Checking,16494.73,EUR,Active,1,9/4/2023
1245,359,Business,9389.27,EUR,Active,7,9/4/2023
1246,442,Checking,9957.47,HRK,Active,27,9/1/2020
1247,127,Checking,444.83,HRK,Closed,15,2/24/2022
1248,482,Checking,18778.04,EUR,Closed,12,2/11/2023
1249,550,Checking,5523.88,EUR,Closed,11,12/15/2024
1250,144,Checking,37379.85,USD,Closed,46,9/23/2022
1251,204,Savings,9559.4,USD,Active,26,6/19/2024
1252,432,Business,16627.55,USD,Active,43,4/18/2024
1253,204,Checking,47988.97,EUR,Active,27,12/8/2024
1254,501,Business,24828.82,HRK,Active,21,4/16/2023
1255,770,Checking,25142.74,HRK,Closed,9,2/12/2022
1256,113,Savings,39656.38,USD,Active,23,12/3/2023
1257,513,Savings,38392.51,USD,Active,44,12/1/2024
1258,850,Checking,21540.29,HRK,Active,28,11/29/2020
1259,492,Checking,14182.95,USD,Closed,16,5/28/2023
1260,633,Savings,36489.5,USD,Active,18,2/15/2022
1261,786,Savings,43221.92,HRK,Active,43,8/5/2023
1262,841,Checking,10000.78,HRK,Active,45,8/1/2022
1263,748,Business,30593.91,USD,Active,15,1/16/2025
1264,124,Savings,20124.03,EUR,Active,10,10/10/2024
1265,437,Savings,30861.72,USD,Active,25,8/22/2022
1266,418,Business,15391.65,HRK,Active,15,4/24/2024
1267,345,Checking,24011.84,HRK,Closed,42,4/26/2021
1268,53,Checking,5591.74,EUR,Closed,23,8/26/2024
1269,729,Checking,12423.73,USD,Active,3,7/17/2021
1270,1,Savings,33055.49,EUR,Active,19,3/24/2021
1271,484,Checking,45433.25,USD,Closed,12,9/4/2021
1272,259,Checking,18242.7,EUR,Active,7,10/10/2022
1273,686,Savings,34179.78,USD,Closed,24,1/2/2025
1274,760,Checking,37172.31,HRK,Closed,16,5/11/2021
1275,666,Checking,10580.66,EUR,Active,7,6/22/2022
1276,134,Business,37155.11,USD,Active,38,3/23/2024
1277,992,Business,40888.72,USD,Closed,7,3/27/2025
1278,77,Business,30988.62,EUR,Closed,49,4/10/2024
1279,207,Business,36066.4,USD,Active,13,8/13/2023
1280,429,Business,35609,HRK,Closed,24,3/29/2025
1281,460,Business,35894.56,EUR,Active,31,2/5/2023
1282,430,Business,46573.48,HRK,Active,11,10/11/2021
1283,614,Checking,34865.64,USD,Closed,3,9/9/2020
1284,979,Business,3133.59,HRK,Active,48,12/19/2022
1285,835,Checking,24801.79,HRK,Active,11,11/4/2021
1286,449,Business,19269.11,EUR,Closed,39,9/2/2020
1287,279,Savings,9284.91,USD,Active,38,6/2/2025
1288,714,Savings,43969.84,HRK,Closed,33,9/29/2022
1289,725,Business,26301.15,EUR,Active,19,11/6/2022
1290,726,Checking,27652.33,USD,Active,3,12/9/2024
1291,547,Savings,14662.98,HRK,Active,18,11/8/2024
1292,950,Savings,13594.7,USD,Active,14,12/22/2022
1293,548,Savings,169.86,EUR,Closed,21,9/14/2021
1294,86,Business,44210.92,EUR,Active,27,4/21/2023
1295,920,Business,14815.28,USD,Active,23,4/26/2022
1296,225,Business,48264.85,USD,Closed,2,10/26/2021
1297,551,Business,48940.24,HRK,Active,47,12/17/2021
1298,764,Business,19160.85,HRK,Closed,41,9/26/2021
1299,650,Business,27588.8,EUR,Active,21,12/24/2020
1300,276,Savings,29125.02,EUR,Active,29,8/5/2022
1301,238,Business,36341.68,EUR,Active,31,11/30/2021
1302,96,Checking,9157.53,USD,Active,13,6/14/2023
1303,584,Checking,47173.42,USD,Closed,2,11/11/2021
1304,318,Savings,44274.13,EUR,Active,5,1/30/2023
1305,147,Savings,21377.11,EUR,Closed,7,5/22/2022
1306,742,Business,6950.84,USD,Active,25,10/10/2024
1307,394,Savings,5590.77,USD,Active,9,4/26/2021
1308,255,Savings,13456.06,HRK,Active,1,5/5/2024
1309,981,Savings,27164.27,EUR,Active,13,7/10/2024
1310,143,Checking,38007.62,EUR,Active,20,4/14/2022
1311,340,Checking,7810.21,USD,Closed,41,1/8/2021
1312,557,Savings,1158.27,USD,Active,35,2/8/2021
1313,304,Savings,25625.97,EUR,Active,1,2/9/2025
1314,935,Savings,1297.64,EUR,Closed,10,2/26/2025
1315,362,Business,14413.63,HRK,Closed,44,3/17/2022
1316,906,Business,41156.97,USD,Closed,11,10/25/2022
1317,113,Savings,5176.64,EUR,Closed,5,7/14/2020
1318,631,Checking,6005.71,USD,Active,39,10/23/2020
1319,155,Savings,21488.56,EUR,Active,44,1/10/2024
1320,436,Savings,44666.57,HRK,Closed,40,11/9/2024
1321,838,Checking,17484.45,USD,Closed,32,7/8/2023
1322,678,Checking,46650.8,HRK,Active,1,6/16/2021
1323,883,Savings,38911.42,USD,Closed,10,1/20/2023
1324,400,Checking,36095.04,EUR,Active,8,7/25/2020
1325,592,Checking,47983.31,EUR,Active,6,9/29/2024
1326,331,Savings,9175.43,EUR,Closed,21,4/5/2023
1327,507,Checking,24116.3,EUR,Closed,9,10/31/2024
1328,822,Business,46088.08,EUR,Closed,36,8/25/2021
1329,510,Business,26735.16,HRK,Active,25,7/12/2024
1330,86,Business,35774.56,HRK,Active,45,6/13/2023
1331,90,Savings,18149.3,USD,Active,24,12/1/2020
1332,572,Checking,47885.03,USD,Active,23,1/19/2024
1333,370,Savings,14805.39,USD,Closed,16,3/20/2025
1334,216,Savings,2887.7,USD,Active,45,4/25/2021
1335,721,Savings,18935.29,USD,Closed,24,3/5/2024
1336,56,Business,5389.89,HRK,Active,31,6/4/2025
1337,858,Business,43536.8,USD,Active,24,12/23/2021
1338,145,Savings,12327.79,USD,Closed,10,3/18/2022
1339,784,Savings,23541.26,USD,Closed,31,8/31/2020
1340,422,Business,16933.12,HRK,Active,19,10/25/2020
1341,114,Savings,3094.04,HRK,Active,39,9/15/2021
1342,770,Savings,25214.44,USD,Closed,28,8/29/2021
1343,697,Checking,27752.38,EUR,Closed,46,2/21/2022
1344,233,Checking,46579.37,EUR,Active,34,10/12/2024
1345,387,Savings,37182.42,EUR,Active,15,2/12/2021
1346,402,Savings,41143,HRK,Active,45,10/3/2024
1347,480,Checking,15728.16,HRK,Closed,25,2/26/2021
1348,169,Savings,40186.63,HRK,Closed,13,11/28/2021
1349,277,Savings,5309.56,EUR,Closed,2,5/17/2023
1350,246,Checking,8221.74,USD,Active,14,9/23/2023
1351,612,Savings,37850.42,EUR,Active,36,2/12/2023
1352,207,Business,46467.18,USD,Closed,6,4/21/2021
1353,584,Business,2339.24,EUR,Active,4,11/15/2024
1354,323,Savings,47181.11,USD,Closed,49,5/1/2023
1355,290,Checking,25060.78,EUR,Closed,47,6/2/2022
1356,365,Savings,35162.57,USD,Closed,27,10/31/2022
1357,919,Business,25228.56,HRK,Active,2,9/9/2020
1358,602,Checking,23899.96,USD,Closed,11,1/26/2024
1359,156,Business,23209,HRK,Active,46,11/27/2024
1360,238,Savings,40393.05,HRK,Active,50,6/30/2024
1361,736,Savings,49671.49,HRK,Closed,29,3/24/2025
1362,805,Savings,17017.13,EUR,Closed,3,9/4/2022
1363,913,Business,38731.33,EUR,Active,14,10/11/2020
1364,626,Business,3842.41,USD,Closed,7,7/20/2020
1365,825,Savings,7216.86,EUR,Active,32,3/25/2022
1366,97,Checking,15754.56,EUR,Active,5,1/7/2022
1367,287,Business,18230.08,USD,Active,12,6/11/2023
1368,728,Checking,12971.41,EUR,Closed,49,6/21/2021
1369,898,Checking,32549.57,USD,Active,37,2/2/2024
1370,500,Savings,18237.26,EUR,Closed,27,1/19/2021
1371,878,Business,45865.29,USD,Closed,24,7/4/2023
1372,525,Business,47607.04,EUR,Active,44,7/30/2023
1373,424,Business,22559.6,HRK,Active,40,5/18/2021
1374,660,Savings,37078.02,USD,Active,10,12/5/2023
1375,874,Savings,14603.96,USD,Closed,5,11/23/2021
1376,229,Checking,43720.53,HRK,Active,23,9/10/2021
1377,478,Checking,32159.98,EUR,Active,6,2/23/2022
1378,185,Business,5506.58,EUR,Closed,13,6/23/2023
1379,412,Checking,3317.13,EUR,Closed,14,2/23/2023
1380,720,Business,23863.35,EUR,Closed,3,4/9/2021
1381,559,Savings,47431.83,USD,Active,21,11/1/2023
1382,582,Savings,49391.76,EUR,Active,24,11/7/2021
1383,809,Checking,48930.19,USD,Active,14,3/13/2022
1384,889,Savings,47636.99,HRK,Closed,18,5/15/2023
1385,259,Business,8887.67,USD,Active,18,3/25/2024
1386,415,Savings,14987.01,HRK,Closed,27,6/14/2023
1387,538,Savings,33515.26,EUR,Active,4,4/18/2025
1388,95,Checking,17166.76,EUR,Active,13,12/21/2020
1389,358,Checking,24133.1,HRK,Active,45,5/15/2022
1390,448,Checking,45638.63,HRK,Closed,1,7/11/2024
1391,575,Business,10008.14,HRK,Active,21,11/13/2021
1392,681,Business,37167.53,HRK,Closed,1,1/22/2023
1393,155,Checking,46697.59,EUR,Closed,8,7/21/2020
1394,812,Business,20378.69,HRK,Active,29,6/25/2023
1395,966,Savings,31751.22,HRK,Active,3,9/20/2024
1396,224,Business,48953.7,EUR,Active,39,11/17/2022
1397,387,Savings,17469.47,USD,Active,24,5/30/2025
1398,834,Checking,907.94,EUR,Active,45,5/13/2023
1399,512,Business,49952.5,EUR,Closed,23,7/20/2024
1400,361,Business,21349.87,EUR,Active,12,3/8/2021
1401,470,Checking,18718.76,HRK,Active,35,2/6/2024
1402,447,Checking,14322.89,HRK,Closed,41,9/11/2024
1403,291,Business,31056.79,USD,Active,7,7/21/2021
1404,92,Business,919.68,EUR,Active,32,1/18/2025
1405,768,Business,46368.72,USD,Closed,33,7/13/2023
1406,596,Savings,33418.74,EUR,Active,15,11/14/2020
1407,796,Checking,27624.24,USD,Active,31,2/21/2024
1408,974,Savings,17595.62,EUR,Closed,42,11/2/2024
1409,721,Business,19850.85,EUR,Active,33,6/19/2023
1410,291,Checking,43992.4,EUR,Closed,27,5/26/2024
1411,690,Savings,307.46,EUR,Active,1,9/7/2021
1412,27,Savings,39546.46,HRK,Closed,22,9/2/2021
1413,175,Business,49642.17,USD,Closed,13,5/20/2025
1414,632,Business,19726.56,USD,Closed,9,4/16/2021
1415,962,Business,19581.54,HRK,Active,26,6/30/2024
1416,926,Checking,25912.13,EUR,Active,7,9/6/2022
1417,728,Savings,25262.43,HRK,Closed,49,4/30/2022
1418,643,Checking,41883.16,USD,Closed,14,1/6/2023
1419,96,Savings,1379.45,USD,Active,2,7/10/2023
1420,633,Business,27229.26,USD,Closed,2,7/30/2022
1421,761,Business,6614.35,EUR,Closed,12,4/26/2024
1422,246,Business,44905.67,EUR,Active,35,9/9/2023
1423,861,Savings,36343,EUR,Closed,43,4/9/2022
1424,53,Checking,4239.87,USD,Active,41,7/26/2020
1425,594,Savings,5635.48,HRK,Active,7,7/10/2023
1426,146,Checking,13173.53,USD,Active,5,11/6/2022
1427,507,Checking,45644.68,USD,Closed,7,7/17/2021
1428,503,Savings,20745.88,EUR,Active,14,7/15/2021
1429,704,Checking,18825.19,EUR,Closed,11,11/9/2022
1430,185,Checking,606,USD,Active,8,8/3/2020
1431,1000,Checking,49687.6,EUR,Active,11,9/11/2022
1432,535,Business,12799.6,USD,Active,39,6/5/2021
1433,31,Business,1249.6,HRK,Active,14,4/26/2025
1434,888,Checking,5827.94,USD,Active,21,12/6/2024
1435,142,Savings,4263.79,HRK,Active,18,5/12/2025
1436,281,Checking,10041.95,USD,Closed,46,9/25/2021
1437,565,Business,14786.61,HRK,Closed,28,6/7/2025
1438,525,Checking,46125.17,EUR,Active,13,6/11/2021
1439,704,Business,14126.03,EUR,Active,38,1/30/2023
1440,813,Business,15648.1,USD,Closed,28,3/19/2021
1441,905,Checking,21244.49,HRK,Closed,21,12/20/2022
1442,638,Savings,30404.05,EUR,Active,37,3/18/2021
1443,362,Checking,44904.94,USD,Closed,11,9/12/2024
1444,911,Savings,47909.06,EUR,Closed,19,2/26/2021
1445,619,Business,47523.87,HRK,Closed,26,2/7/2023
1446,31,Savings,9077.22,EUR,Closed,12,5/16/2025
1447,367,Savings,3724.75,HRK,Closed,24,3/6/2025
1448,149,Checking,6202.95,EUR,Active,46,9/9/2020
1449,337,Savings,23322.29,EUR,Active,36,4/4/2022
1450,68,Checking,14252.35,USD,Active,7,8/22/2020
1451,575,Checking,35841.65,HRK,Active,37,5/27/2025
1452,915,Business,21145.33,EUR,Closed,21,12/22/2021
1453,203,Savings,2578.02,EUR,Closed,3,12/8/2023
1454,282,Checking,6051.03,EUR,Active,39,8/9/2022
1455,335,Business,19204.59,HRK,Active,19,10/28/2024
1456,19,Business,39186.95,HRK,Active,30,12/26/2023
1457,292,Savings,42097.98,EUR,Active,35,4/6/2021
1458,941,Business,2052.1,HRK,Active,5,8/3/2022
1459,482,Savings,41509.53,EUR,Closed,18,2/15/2021
1460,325,Checking,20077.18,HRK,Closed,32,6/7/2024
1461,628,Savings,19727.04,HRK,Closed,32,9/10/2023
1462,870,Business,48360.91,USD,Closed,40,10/30/2022
1463,106,Savings,11278.32,USD,Active,7,2/4/2023
1464,331,Business,36240.24,USD,Active,6,9/15/2024
1465,196,Business,45123.6,EUR,Active,45,10/26/2023
1466,889,Savings,13058.42,USD,Active,4,7/17/2023
1467,970,Checking,3844.6,EUR,Closed,18,1/24/2023
1468,716,Savings,46250.43,HRK,Closed,8,9/17/2022
1469,130,Checking,43108.56,HRK,Closed,41,11/30/2020
1470,458,Business,6206.43,HRK,Active,37,1/19/2025
1471,490,Business,24556.18,EUR,Closed,50,11/13/2023
1472,749,Checking,11368.94,EUR,Closed,46,6/2/2025
1473,85,Checking,27969.91,USD,Active,45,4/27/2025
1474,80,Savings,48591.08,USD,Active,1,3/10/2022
1475,687,Savings,23460.7,EUR,Active,32,1/29/2025
1476,108,Checking,10512.21,HRK,Closed,49,8/3/2021
1477,968,Checking,35454.77,HRK,Active,33,5/9/2025
1478,109,Savings,11017.36,EUR,Closed,29,6/13/2023
1479,889,Business,25721.86,EUR,Active,5,9/26/2020
1480,285,Checking,8293.4,EUR,Active,10,10/6/2023
1481,473,Savings,37276.8,USD,Active,30,12/31/2024
1482,192,Checking,1526.45,HRK,Closed,23,10/14/2022
1483,272,Savings,46353.69,USD,Closed,28,5/12/2025
1484,218,Savings,19906.71,EUR,Closed,4,1/25/2022
1485,452,Checking,18552.06,USD,Closed,47,6/21/2023
1486,951,Checking,9777.19,USD,Closed,12,5/10/2022
1487,609,Checking,26525.18,EUR,Closed,7,5/6/2021
1488,698,Savings,32352.61,USD,Active,8,12/17/2024
1489,55,Savings,28804,USD,Active,35,8/4/2024
1490,104,Checking,11400.6,HRK,Closed,26,11/21/2021
1491,403,Savings,11072.43,HRK,Closed,32,7/26/2023
1492,211,Savings,39307.81,EUR,Closed,46,5/29/2025
1493,611,Checking,36720.73,USD,Active,33,11/11/2021
1494,930,Business,31143.71,HRK,Closed,45,11/12/2022
1495,245,Savings,15824.11,USD,Active,12,9/18/2023
1496,341,Checking,7177.5,USD,Closed,28,7/11/2021
1497,343,Savings,8958,EUR,Active,11,12/5/2023
1498,696,Savings,29740.86,EUR,Active,32,12/22/2022
1499,895,Savings,23681.16,USD,Active,37,9/1/2024
1500,697,Checking,41784.42,HRK,Active,49,6/15/2025
