KYCID,CustomerID,DocumentType,DocumentNumber,VerifiedBy
1,1,ResidencePermit,yQ930278,Agent001
2,2,Passport,iv889717,SecureScan
3,3,IDCard,QN437866,SecureScan
4,4,ResidencePermit,LR992268,ComplianceBot
5,5,IDCard,EH073585,SecureScan
6,6,DriverLicense,Uk278545,ComplianceBot
7,8,DriverLicense,WO635448,ComplianceBot
8,9,ResidencePermit,RQ814342,RegTechX
9,10,Passport,oI884152,ComplianceBot
10,11,IDCard,Dm804988,RegTechX
11,12,Passport,DN054259,ComplianceBot
12,13,DriverLicense,eX632773,RegTechX
13,15,DriverLicense,MA343272,RegTechX
14,16,Passport,zn070617,ComplianceBot
15,17,ResidencePermit,Nb210945,Agent001
16,18,DriverLicense,oD594521,Agent001
17,19,Passport,Hf129562,ComplianceBot
18,20,Passport,Rw086374,ComplianceBot
19,21,DriverLicense,eh706826,KYCAdmin
20,22,ResidencePermit,HM501049,SecureScan
21,23,DriverLicense,so663810,ComplianceBot
22,24,Passport,HN315299,SecureScan
23,25,ResidencePermit,Xo959878,SecureScan
24,26,ResidencePermit,fX140469,SecureScan
25,27,IDCard,dP896685,SecureScan
26,28,ResidencePermit,nT588172,Agent001
27,29,DriverLicense,Sp468359,Agent001
28,30,ResidencePermit,sq415290,SecureScan
29,31,DriverLicense,Vi724237,RegTechX
30,32,DriverLicense,YC275677,KYCAdmin
31,33,ResidencePermit,JO753974,KYCAdmin
32,34,DriverLicense,Oq989608,Agent001
33,35,DriverLicense,Pl500217,Agent001
34,36,IDCard,ze246179,KYCAdmin
35,37,ResidencePermit,Sg119167,Agent001
36,38,ResidencePermit,ga619868,KYCAdmin
37,39,Passport,kQ960568,SecureScan
38,40,DriverLicense,NY624603,Agent001
39,41,Passport,eY640275,RegTechX
40,42,Passport,fd685593,ComplianceBot
41,43,ResidencePermit,ey603929,RegTechX
42,44,IDCard,ER564334,ComplianceBot
43,45,Passport,Nx919035,KYCAdmin
44,46,Passport,LQ451165,Agent001
45,47,DriverLicense,or039677,Agent001
46,48,Passport,uM187480,RegTechX
47,49,DriverLicense,CB746689,ComplianceBot
48,50,ResidencePermit,rR867161,ComplianceBot
49,51,IDCard,QM142489,ComplianceBot
50,52,DriverLicense,lc367008,SecureScan
51,53,Passport,ts419087,Agent001
52,54,IDCard,jA743465,SecureScan
53,55,IDCard,YL492442,KYCAdmin
54,56,ResidencePermit,uc620884,RegTechX
55,57,Passport,rq511266,KYCAdmin
56,58,Passport,SF789208,KYCAdmin
57,59,DriverLicense,Xq298611,RegTechX
58,60,ResidencePermit,Pf189891,RegTechX
59,61,Passport,au988680,KYCAdmin
60,62,ResidencePermit,FO897991,RegTechX
61,63,IDCard,Ca871814,RegTechX
62,64,ResidencePermit,hO653316,Agent001
63,65,ResidencePermit,jD253133,RegTechX
64,66,Passport,jG256713,KYCAdmin
65,67,Passport,HH521455,SecureScan
66,68,IDCard,UE840058,ComplianceBot
67,69,DriverLicense,yT980202,RegTechX
68,70,IDCard,so688087,Agent001
69,71,IDCard,JE613586,ComplianceBot
70,72,DriverLicense,Pt380348,KYCAdmin
71,73,DriverLicense,LN738295,ComplianceBot
72,74,Passport,dQ818404,Agent001
73,75,DriverLicense,Un428616,SecureScan
74,76,IDCard,DQ369872,KYCAdmin
75,77,DriverLicense,aP431104,Agent001
76,78,IDCard,gL736622,SecureScan
77,79,Passport,Tx890249,KYCAdmin
78,80,IDCard,JK951353,SecureScan
79,81,Passport,Oo443250,RegTechX
80,82,DriverLicense,Bs475300,KYCAdmin
81,83,IDCard,sQ494476,KYCAdmin
82,84,DriverLicense,Lu376146,SecureScan
83,85,IDCard,jH811671,KYCAdmin
84,86,IDCard,vK280526,KYCAdmin
85,87,Passport,Oy892470,RegTechX
86,88,DriverLicense,rE918499,RegTechX
87,89,IDCard,lz094283,RegTechX
88,90,Passport,SR203169,RegTechX
89,91,IDCard,yL753801,ComplianceBot
90,92,DriverLicense,Fq103299,KYCAdmin
91,93,Passport,hb739627,ComplianceBot
92,94,IDCard,Ad067000,KYCAdmin
93,95,ResidencePermit,Ly200133,Agent001
94,96,DriverLicense,rZ900301,KYCAdmin
95,97,DriverLicense,ZK817076,ComplianceBot
96,98,Passport,Kt578945,KYCAdmin
97,99,Passport,Ap576916,Agent001
98,100,DriverLicense,DK043473,KYCAdmin
99,101,IDCard,Ow178158,KYCAdmin
100,102,ResidencePermit,Sa071603,Agent001
101,103,Passport,ir334764,SecureScan
102,105,ResidencePermit,gy605764,Agent001
103,106,ResidencePermit,bB410768,Agent001
104,108,ResidencePermit,fX928199,ComplianceBot
105,109,DriverLicense,xv997945,Agent001
106,110,Passport,SK772259,KYCAdmin
107,111,ResidencePermit,aC163884,RegTechX
108,113,IDCard,br270112,ComplianceBot
109,114,IDCard,ij407805,ComplianceBot
110,115,DriverLicense,rv279957,SecureScan
111,116,IDCard,Yh811911,Agent001
112,117,DriverLicense,Ju547056,SecureScan
113,118,DriverLicense,hq319311,ComplianceBot
114,119,IDCard,sY536385,KYCAdmin
115,120,ResidencePermit,Dr386814,KYCAdmin
116,121,DriverLicense,cu152715,Agent001
117,122,Passport,Fq088833,SecureScan
118,123,ResidencePermit,dK915903,KYCAdmin
119,124,Passport,EH627945,SecureScan
120,125,IDCard,oO225883,SecureScan
121,126,IDCard,EN160729,KYCAdmin
122,127,DriverLicense,qX225913,RegTechX
123,128,Passport,BN630896,RegTechX
124,129,IDCard,Xt184396,KYCAdmin
125,130,DriverLicense,Ky560180,ComplianceBot
126,131,ResidencePermit,jW829553,ComplianceBot
127,132,DriverLicense,yE358852,Agent001
128,133,ResidencePermit,MP635726,KYCAdmin
129,134,IDCard,wb664281,ComplianceBot
130,135,DriverLicense,ro872284,RegTechX
131,136,IDCard,Ni029646,KYCAdmin
132,137,DriverLicense,pU021958,SecureScan
133,138,IDCard,go483181,KYCAdmin
134,139,IDCard,hM079700,SecureScan
135,140,ResidencePermit,xw495059,KYCAdmin
136,141,IDCard,Kc921366,Agent001
137,142,IDCard,Ge253479,SecureScan
138,143,ResidencePermit,ag031857,SecureScan
139,144,DriverLicense,Ut358805,Agent001
140,145,ResidencePermit,Dp074729,RegTechX
141,147,Passport,Rj838401,ComplianceBot
142,148,ResidencePermit,ye986842,RegTechX
143,149,IDCard,CX783896,ComplianceBot
144,150,IDCard,HD994973,ComplianceBot
145,151,ResidencePermit,fn887291,SecureScan
146,152,Passport,on131503,Agent001
147,153,DriverLicense,oc529419,RegTechX
148,155,ResidencePermit,iX380930,KYCAdmin
149,156,IDCard,Dy850220,KYCAdmin
150,157,Passport,Xu796290,Agent001
151,158,IDCard,TD744673,KYCAdmin
152,159,Passport,GH261306,SecureScan
153,160,ResidencePermit,sp200010,SecureScan
154,161,ResidencePermit,TR410475,SecureScan
155,163,DriverLicense,qZ587943,ComplianceBot
156,164,Passport,nP784915,Agent001
157,165,Passport,Cj344118,RegTechX
158,166,IDCard,wY151688,ComplianceBot
159,167,DriverLicense,GW449018,RegTechX
160,168,DriverLicense,bq127884,SecureScan
161,169,ResidencePermit,qX436243,SecureScan
162,170,IDCard,sz214834,RegTechX
163,171,IDCard,am930601,RegTechX
164,172,Passport,CU822966,ComplianceBot
165,173,Passport,Hv600524,ComplianceBot
166,174,DriverLicense,jW818654,SecureScan
167,175,DriverLicense,UD653519,KYCAdmin
168,176,DriverLicense,vM913885,KYCAdmin
169,177,Passport,Gm510647,ComplianceBot
170,178,DriverLicense,DE064131,ComplianceBot
171,179,IDCard,xs012078,Agent001
172,180,DriverLicense,DQ622221,KYCAdmin
173,181,ResidencePermit,RR872212,KYCAdmin
174,182,ResidencePermit,Bh147765,RegTechX
175,183,ResidencePermit,Ea510785,KYCAdmin
176,184,DriverLicense,Mt836530,SecureScan
177,185,DriverLicense,Yc589156,RegTechX
178,186,IDCard,Xz358128,KYCAdmin
179,187,Passport,qi992280,KYCAdmin
180,188,Passport,ee624704,Agent001
181,189,DriverLicense,Fv213006,RegTechX
182,190,IDCard,QZ177947,ComplianceBot
183,191,Passport,KX458425,KYCAdmin
184,192,Passport,ce394114,RegTechX
185,193,DriverLicense,IX578996,SecureScan
186,194,IDCard,TE538318,RegTechX
187,195,DriverLicense,bo386169,ComplianceBot
188,196,IDCard,kH919664,ComplianceBot
189,197,DriverLicense,Wm421915,ComplianceBot
190,198,ResidencePermit,zU796644,RegTechX
191,199,DriverLicense,uK711203,ComplianceBot
192,200,IDCard,pw769710,KYCAdmin
193,201,DriverLicense,hC769365,SecureScan
194,202,ResidencePermit,QB615655,Agent001
195,203,IDCard,fg703645,SecureScan
196,204,DriverLicense,Sf310735,SecureScan
197,205,DriverLicense,bl794016,RegTechX
198,206,DriverLicense,jq651911,ComplianceBot
199,207,Passport,Em346016,KYCAdmin
200,208,Passport,rU483404,Agent001
201,209,DriverLicense,jX989001,RegTechX
202,210,ResidencePermit,th857487,ComplianceBot
203,211,ResidencePermit,jg402265,SecureScan
204,212,ResidencePermit,ux494254,KYCAdmin
205,213,Passport,EZ383967,Agent001
206,214,Passport,aD384334,RegTechX
207,215,DriverLicense,yy893449,KYCAdmin
208,216,IDCard,ME385846,Agent001
209,217,DriverLicense,EE068387,KYCAdmin
210,218,DriverLicense,lJ656491,Agent001
211,219,ResidencePermit,SW432594,ComplianceBot
212,220,IDCard,qR292704,Agent001
213,221,IDCard,ph533872,SecureScan
214,222,DriverLicense,uc097394,ComplianceBot
215,223,IDCard,oC294327,ComplianceBot
216,224,Passport,Br479113,RegTechX
217,225,IDCard,fi637494,RegTechX
218,226,DriverLicense,YR030237,SecureScan
219,227,ResidencePermit,nD268785,ComplianceBot
220,228,Passport,LT920401,SecureScan
221,229,ResidencePermit,an972487,SecureScan
222,230,DriverLicense,zS113380,RegTechX
223,231,IDCard,Tz328729,KYCAdmin
224,232,Passport,mg504624,SecureScan
225,233,IDCard,Oq650517,KYCAdmin
226,234,DriverLicense,is365638,ComplianceBot
227,235,IDCard,hb037148,Agent001
228,236,IDCard,me970075,ComplianceBot
229,237,DriverLicense,eS540379,ComplianceBot
230,238,DriverLicense,nc561605,SecureScan
231,239,DriverLicense,jS532102,KYCAdmin
232,240,IDCard,yx287091,SecureScan
233,241,IDCard,tE936723,KYCAdmin
234,242,Passport,ZO872226,Agent001
235,243,Passport,Fc715723,RegTechX
236,244,Passport,iM353299,Agent001
237,245,ResidencePermit,Fa016542,Agent001
238,246,IDCard,hu715664,KYCAdmin
239,247,ResidencePermit,Yu684204,SecureScan
240,248,DriverLicense,JM296313,ComplianceBot
241,249,DriverLicense,Kp526004,RegTechX
242,250,DriverLicense,hw108734,SecureScan
243,251,ResidencePermit,fY804131,ComplianceBot
244,252,DriverLicense,wW745092,RegTechX
245,253,IDCard,Re636205,SecureScan
246,254,IDCard,Vv652830,KYCAdmin
247,255,Passport,Gu686780,KYCAdmin
248,256,IDCard,bY814670,SecureScan
249,257,DriverLicense,td753704,KYCAdmin
250,258,Passport,Xt560426,ComplianceBot
251,259,DriverLicense,ca274957,ComplianceBot
252,260,IDCard,JG866879,SecureScan
253,261,DriverLicense,bc094236,Agent001
254,262,Passport,TF479579,KYCAdmin
255,263,Passport,zC961117,ComplianceBot
256,264,DriverLicense,qi095670,Agent001
257,265,Passport,oF896642,RegTechX
258,266,Passport,mD728908,KYCAdmin
259,267,Passport,AM171347,SecureScan
260,268,IDCard,Au714580,ComplianceBot
261,269,ResidencePermit,rh833607,Agent001
262,270,Passport,uJ086816,RegTechX
263,271,IDCard,zH105670,KYCAdmin
264,272,IDCard,Ei718103,ComplianceBot
265,273,ResidencePermit,SF643409,ComplianceBot
266,274,DriverLicense,zC390708,ComplianceBot
267,275,IDCard,wi429149,RegTechX
268,276,Passport,SM320623,ComplianceBot
269,277,DriverLicense,UC516284,RegTechX
270,278,Passport,fK716275,SecureScan
271,279,IDCard,Hw202453,KYCAdmin
272,280,Passport,gn118408,ComplianceBot
273,281,ResidencePermit,Pf011523,ComplianceBot
274,282,ResidencePermit,pr860417,KYCAdmin
275,283,Passport,nE183834,SecureScan
276,284,DriverLicense,er008740,KYCAdmin
277,285,ResidencePermit,vJ475136,KYCAdmin
278,286,Passport,ge100382,ComplianceBot
279,287,Passport,Mu542941,Agent001
280,288,IDCard,KE207917,Agent001
281,289,Passport,Jg300490,SecureScan
282,290,IDCard,PU626058,ComplianceBot
283,291,DriverLicense,Ow492130,RegTechX
284,292,Passport,Jc874513,RegTechX
285,293,DriverLicense,Jo766926,RegTechX
286,294,IDCard,gK027983,Agent001
287,295,Passport,ip103967,RegTechX
288,296,ResidencePermit,Jq356170,Agent001
289,297,DriverLicense,ca943233,SecureScan
290,298,Passport,DF765031,Agent001
291,300,ResidencePermit,sw243538,ComplianceBot
292,301,ResidencePermit,LZ002145,SecureScan
293,302,Passport,ks046095,Agent001
294,303,Passport,Ih667776,ComplianceBot
295,304,DriverLicense,dB185345,KYCAdmin
296,305,Passport,rC754864,RegTechX
297,307,ResidencePermit,gm060875,SecureScan
298,308,Passport,dr975281,SecureScan
299,309,Passport,Ic033915,KYCAdmin
300,310,Passport,PT755610,RegTechX
301,312,IDCard,gV482910,ComplianceBot
302,313,ResidencePermit,yY502058,RegTechX
303,314,Passport,kQ086706,RegTechX
304,315,Passport,Vk889756,Agent001
305,316,Passport,Kp118397,KYCAdmin
306,317,Passport,WJ606289,RegTechX
307,318,DriverLicense,gT287624,KYCAdmin
308,319,DriverLicense,VD237547,KYCAdmin
309,320,Passport,ai089579,SecureScan
310,321,Passport,AI695020,Agent001
311,322,DriverLicense,nm736875,KYCAdmin
312,323,ResidencePermit,Lu818987,SecureScan
313,324,DriverLicense,bd483873,KYCAdmin
314,325,DriverLicense,Wn646176,RegTechX
315,326,IDCard,RB102689,Agent001
316,327,IDCard,aE112315,KYCAdmin
317,328,Passport,uc265701,KYCAdmin
318,329,Passport,xT338912,Agent001
319,331,Passport,Dn713351,RegTechX
320,332,DriverLicense,bM490858,ComplianceBot
321,333,ResidencePermit,hb765199,ComplianceBot
322,334,Passport,Hs861123,RegTechX
323,335,DriverLicense,cl148974,RegTechX
324,336,Passport,WZ167749,KYCAdmin
325,337,Passport,kv326219,Agent001
326,338,ResidencePermit,QF129896,ComplianceBot
327,339,ResidencePermit,CQ309508,Agent001
328,340,ResidencePermit,Ml516967,ComplianceBot
329,342,IDCard,ju421987,KYCAdmin
330,343,Passport,Pf571797,Agent001
331,344,ResidencePermit,qn050102,KYCAdmin
332,345,ResidencePermit,nT521475,KYCAdmin
333,346,IDCard,sB172989,ComplianceBot
334,347,Passport,Qy660149,ComplianceBot
335,348,IDCard,ZY637479,ComplianceBot
336,349,IDCard,ax311639,KYCAdmin
337,350,DriverLicense,vh401629,Agent001
338,351,DriverLicense,Yf660729,Agent001
339,352,IDCard,AB899854,RegTechX
340,353,Passport,Nw551967,SecureScan
341,354,IDCard,NK126508,ComplianceBot
342,355,ResidencePermit,Vi670278,RegTechX
343,356,IDCard,cS612095,ComplianceBot
344,357,DriverLicense,kU861686,SecureScan
345,358,DriverLicense,Pp100464,KYCAdmin
346,360,IDCard,GY759883,RegTechX
347,361,DriverLicense,Eu122781,KYCAdmin
348,362,DriverLicense,zq010370,RegTechX
349,363,DriverLicense,Ud887170,KYCAdmin
350,364,DriverLicense,QZ393090,ComplianceBot
351,365,Passport,GO919050,Agent001
352,366,ResidencePermit,Ca821385,RegTechX
353,367,IDCard,Pz867472,RegTechX
354,368,Passport,oP722718,RegTechX
355,369,DriverLicense,zB666745,KYCAdmin
356,370,DriverLicense,oI299888,SecureScan
357,371,DriverLicense,op826028,Agent001
358,372,Passport,oO126157,KYCAdmin
359,373,Passport,KW434441,KYCAdmin
360,374,ResidencePermit,Iz028880,Agent001
361,375,DriverLicense,BP427029,RegTechX
362,376,IDCard,jB733461,SecureScan
363,378,DriverLicense,Lo752673,Agent001
364,380,Passport,FB465673,SecureScan
365,381,IDCard,Wd353304,RegTechX
366,382,IDCard,lN170980,KYCAdmin
367,383,IDCard,nM797068,ComplianceBot
368,384,Passport,ju865719,RegTechX
369,385,IDCard,Ob790130,RegTechX
370,386,ResidencePermit,XF551454,SecureScan
371,387,ResidencePermit,LQ108535,KYCAdmin
372,388,DriverLicense,SK198311,RegTechX
373,390,DriverLicense,TU442982,KYCAdmin
374,392,Passport,xj184813,RegTechX
375,393,IDCard,vp827618,ComplianceBot
376,394,DriverLicense,KW971482,ComplianceBot
377,395,Passport,RW062075,ComplianceBot
378,396,ResidencePermit,im345003,ComplianceBot
379,397,ResidencePermit,PK240749,SecureScan
380,398,Passport,HL851077,RegTechX
381,399,IDCard,kr109618,RegTechX
382,400,ResidencePermit,Iy432187,SecureScan
383,401,IDCard,dw835570,ComplianceBot
384,402,ResidencePermit,rz777861,Agent001
385,403,DriverLicense,lA615958,RegTechX
386,404,IDCard,Ke657109,Agent001
387,405,ResidencePermit,wL861069,RegTechX
388,406,IDCard,CA130282,ComplianceBot
389,407,ResidencePermit,Aw809942,Agent001
390,408,IDCard,wL586231,RegTechX
391,409,ResidencePermit,Dn397588,RegTechX
392,410,DriverLicense,qz919385,RegTechX
393,411,ResidencePermit,Sd127240,ComplianceBot
394,412,ResidencePermit,py636043,KYCAdmin
395,413,ResidencePermit,uN185564,SecureScan
396,414,ResidencePermit,QS762263,ComplianceBot
397,415,DriverLicense,bu609019,ComplianceBot
398,416,ResidencePermit,fU486513,KYCAdmin
399,417,DriverLicense,Th072906,RegTechX
400,418,DriverLicense,AW374429,Agent001
401,419,Passport,Rn192991,ComplianceBot
402,420,ResidencePermit,NU351679,RegTechX
403,421,IDCard,cj355704,SecureScan
404,422,IDCard,DJ186946,ComplianceBot
405,423,IDCard,Ti953391,ComplianceBot
406,424,Passport,Ax015083,ComplianceBot
407,425,IDCard,BU661569,ComplianceBot
408,426,DriverLicense,Vt450872,RegTechX
409,428,IDCard,kB254956,SecureScan
410,430,Passport,Vd808316,SecureScan
411,431,Passport,kk811170,RegTechX
412,432,DriverLicense,ob937322,KYCAdmin
413,433,DriverLicense,GN996225,Agent001
414,434,ResidencePermit,SD183088,Agent001
415,435,ResidencePermit,Bt679133,SecureScan
416,436,Passport,TY063028,KYCAdmin
417,437,DriverLicense,Cf767858,KYCAdmin
418,438,IDCard,lv717897,ComplianceBot
419,439,ResidencePermit,go391044,Agent001
420,440,DriverLicense,Cd474987,ComplianceBot
421,441,Passport,Rd925521,KYCAdmin
422,442,IDCard,ao869516,KYCAdmin
423,443,ResidencePermit,qj690144,Agent001
424,444,DriverLicense,gd312481,RegTechX
425,445,DriverLicense,or067915,SecureScan
426,446,DriverLicense,Pq060624,SecureScan
427,447,ResidencePermit,Se258722,RegTechX
428,448,ResidencePermit,GX942133,ComplianceBot
429,449,IDCard,Gd196077,RegTechX
430,450,ResidencePermit,fY327972,SecureScan
431,451,DriverLicense,mJ882520,SecureScan
432,452,IDCard,Ye995834,KYCAdmin
433,454,DriverLicense,dB121423,RegTechX
434,455,Passport,AX336390,Agent001
435,456,DriverLicense,ki873273,RegTechX
436,457,Passport,Ea247016,Agent001
437,458,Passport,Ma622187,Agent001
438,459,DriverLicense,fe530698,RegTechX
439,460,ResidencePermit,Jz563519,ComplianceBot
440,461,ResidencePermit,RB185310,RegTechX
441,462,IDCard,ey127370,ComplianceBot
442,463,Passport,nR352445,Agent001
443,465,ResidencePermit,na736734,RegTechX
444,466,IDCard,Bh202441,SecureScan
445,467,ResidencePermit,Sc698308,ComplianceBot
446,468,DriverLicense,fX115919,ComplianceBot
447,469,ResidencePermit,EB895657,ComplianceBot
448,471,DriverLicense,Qw168581,Agent001
449,472,Passport,Zi936799,KYCAdmin
450,473,ResidencePermit,mx033727,ComplianceBot
451,474,IDCard,xk320278,Agent001
452,475,ResidencePermit,TZ032684,RegTechX
453,476,ResidencePermit,fn483636,SecureScan
454,477,Passport,jH176716,RegTechX
455,478,DriverLicense,WB496925,ComplianceBot
456,479,IDCard,Np154922,ComplianceBot
457,480,IDCard,nh704056,ComplianceBot
458,481,DriverLicense,uN076290,SecureScan
459,482,Passport,Sh692278,SecureScan
460,483,ResidencePermit,lN527308,SecureScan
461,484,Passport,Su074997,ComplianceBot
462,485,Passport,Ys855013,Agent001
463,487,IDCard,yB741655,Agent001
464,488,IDCard,DE806237,ComplianceBot
465,489,Passport,qO418927,SecureScan
466,490,ResidencePermit,ht335027,Agent001
467,491,Passport,wr988326,ComplianceBot
468,492,ResidencePermit,kb698995,SecureScan
469,493,Passport,bh382113,SecureScan
470,494,ResidencePermit,xI795169,RegTechX
471,495,ResidencePermit,rc504419,KYCAdmin
472,496,DriverLicense,ch598611,SecureScan
473,497,ResidencePermit,gF760073,KYCAdmin
474,498,Passport,PV237007,SecureScan
475,499,Passport,Vs304205,ComplianceBot
476,500,DriverLicense,xL854942,Agent001
477,501,Passport,yK933101,SecureScan
478,502,ResidencePermit,ke779580,ComplianceBot
479,503,DriverLicense,Dm261930,KYCAdmin
480,504,DriverLicense,yJ121959,RegTechX
481,505,IDCard,Bx795247,SecureScan
482,506,Passport,Sk428698,Agent001
483,507,Passport,zk575218,RegTechX
484,508,ResidencePermit,YY247910,Agent001
485,509,ResidencePermit,qJ148735,RegTechX
486,510,DriverLicense,YJ022520,ComplianceBot
487,511,Passport,wy812597,Agent001
488,512,IDCard,um198903,KYCAdmin
489,513,ResidencePermit,NU215051,ComplianceBot
490,514,IDCard,ZV339559,RegTechX
491,515,DriverLicense,kP851379,KYCAdmin
492,516,ResidencePermit,Rf317199,SecureScan
493,517,ResidencePermit,NL485829,ComplianceBot
494,518,Passport,iX895896,Agent001
495,519,IDCard,HX557158,ComplianceBot
496,520,DriverLicense,Go260854,KYCAdmin
497,521,IDCard,Ea588226,KYCAdmin
498,522,ResidencePermit,YW819079,RegTechX
499,523,IDCard,ku100383,RegTechX
500,524,Passport,un460780,Agent001
501,525,Passport,Hi258302,Agent001
502,526,IDCard,Hi981804,ComplianceBot
503,527,IDCard,QI028658,RegTechX
504,528,IDCard,Sy936877,RegTechX
505,529,ResidencePermit,kZ548302,Agent001
506,530,Passport,dN809321,ComplianceBot
507,531,DriverLicense,kf642314,SecureScan
508,532,IDCard,QN278385,ComplianceBot
509,533,Passport,mj317996,Agent001
510,534,IDCard,mm777725,ComplianceBot
511,535,DriverLicense,Ht726391,RegTechX
512,536,DriverLicense,zf241976,SecureScan
513,537,IDCard,Hh472807,Agent001
514,538,Passport,qT181430,KYCAdmin
515,539,DriverLicense,tp704566,Agent001
516,540,IDCard,Jy381969,Agent001
517,541,DriverLicense,DS299931,ComplianceBot
518,542,ResidencePermit,lW758337,KYCAdmin
519,543,DriverLicense,wC701267,KYCAdmin
520,544,ResidencePermit,HS037204,RegTechX
521,545,ResidencePermit,GT407405,ComplianceBot
522,546,DriverLicense,fY996101,Agent001
523,547,Passport,UV065737,SecureScan
524,548,DriverLicense,HX083581,Agent001
525,549,ResidencePermit,lT858053,RegTechX
526,550,IDCard,pu948379,KYCAdmin
527,551,Passport,Mk609802,KYCAdmin
528,552,IDCard,yb334793,SecureScan
529,553,Passport,hC713039,SecureScan
530,554,DriverLicense,ew739277,RegTechX
531,555,IDCard,Jj215294,ComplianceBot
532,556,Passport,CF183700,KYCAdmin
533,557,ResidencePermit,gW389887,SecureScan
534,558,Passport,qi012770,KYCAdmin
535,559,ResidencePermit,no126298,ComplianceBot
536,560,ResidencePermit,cU069297,RegTechX
537,561,DriverLicense,cH090122,ComplianceBot
538,562,ResidencePermit,GN986894,KYCAdmin
539,563,ResidencePermit,eK234012,ComplianceBot
540,564,DriverLicense,Pp624972,RegTechX
541,565,DriverLicense,dY011662,KYCAdmin
542,566,Passport,DT434436,Agent001
543,567,Passport,Lx737011,KYCAdmin
544,569,IDCard,xe991151,Agent001
545,570,DriverLicense,yB605134,SecureScan
546,571,DriverLicense,WZ422927,SecureScan
547,572,DriverLicense,RK600951,RegTechX
548,573,Passport,la677708,RegTechX
549,574,IDCard,aQ266990,RegTechX
550,575,DriverLicense,DP532151,RegTechX
551,576,Passport,ta953732,SecureScan
552,577,Passport,bY907217,RegTechX
553,578,DriverLicense,em698301,KYCAdmin
554,579,Passport,ve072558,KYCAdmin
555,580,Passport,Ha039419,RegTechX
556,581,DriverLicense,ZU059457,Agent001
557,583,Passport,AY344342,Agent001
558,584,DriverLicense,tB437404,ComplianceBot
559,585,IDCard,DN732432,Agent001
560,587,DriverLicense,zq261864,RegTechX
561,588,DriverLicense,zv689999,KYCAdmin
562,589,Passport,as500448,SecureScan
563,590,DriverLicense,Py130790,RegTechX
564,591,DriverLicense,yr810021,KYCAdmin
565,592,IDCard,yD182749,RegTechX
566,593,DriverLicense,jS571712,KYCAdmin
567,594,DriverLicense,Ju845187,RegTechX
568,595,DriverLicense,Xy383290,SecureScan
569,598,DriverLicense,nC727858,Agent001
570,599,Passport,ee776426,KYCAdmin
571,600,DriverLicense,lN758899,SecureScan
572,601,Passport,Th252804,SecureScan
573,602,ResidencePermit,gB981757,RegTechX
574,603,Passport,xB076816,KYCAdmin
575,604,ResidencePermit,Nv068063,ComplianceBot
576,605,ResidencePermit,To101406,SecureScan
577,606,IDCard,lV614264,RegTechX
578,607,Passport,vL037651,KYCAdmin
579,608,ResidencePermit,Rm155810,ComplianceBot
580,609,IDCard,lJ506730,ComplianceBot
581,610,IDCard,wW377299,RegTechX
582,611,Passport,Ec403488,KYCAdmin
583,612,Passport,VL074102,Agent001
584,613,Passport,eN773521,ComplianceBot
585,614,ResidencePermit,FE522110,ComplianceBot
586,615,Passport,RE453822,KYCAdmin
587,617,Passport,Yr493619,RegTechX
588,618,ResidencePermit,dB209240,ComplianceBot
589,619,Passport,aS176177,RegTechX
590,620,DriverLicense,Zl796256,KYCAdmin
591,621,IDCard,sA701171,ComplianceBot
592,622,DriverLicense,Mo389568,RegTechX
593,623,Passport,Na375190,Agent001
594,624,DriverLicense,ni799592,ComplianceBot
595,625,DriverLicense,Po328958,KYCAdmin
596,626,DriverLicense,bC228917,Agent001
597,627,ResidencePermit,gg799456,SecureScan
598,628,IDCard,ZH610596,RegTechX
599,630,ResidencePermit,ru956874,RegTechX
600,631,DriverLicense,zS649044,RegTechX
601,632,ResidencePermit,bF900972,Agent001
602,633,DriverLicense,FM732443,ComplianceBot
603,634,IDCard,Sr967150,Agent001
604,635,Passport,qo365991,KYCAdmin
605,636,IDCard,zZ262317,KYCAdmin
606,637,ResidencePermit,ah204423,SecureScan
607,638,IDCard,bf066967,SecureScan
608,639,Passport,XP296397,Agent001
609,640,IDCard,tS863995,SecureScan
610,641,IDCard,sY710628,ComplianceBot
611,642,Passport,QH615751,ComplianceBot
612,643,IDCard,PE590423,RegTechX
613,644,DriverLicense,BE620773,SecureScan
614,645,IDCard,Hm709389,SecureScan
615,646,IDCard,vn350623,KYCAdmin
616,647,Passport,yS618094,SecureScan
617,648,DriverLicense,PG104823,Agent001
618,649,DriverLicense,hv196560,RegTechX
619,650,Passport,Fs316669,SecureScan
620,651,Passport,iV933393,ComplianceBot
621,652,IDCard,Sz117666,Agent001
622,653,IDCard,NK635602,Agent001
623,654,Passport,rz527038,Agent001
624,655,Passport,iu361791,Agent001
625,657,IDCard,hT028037,KYCAdmin
626,658,ResidencePermit,XU284414,ComplianceBot
627,659,Passport,Mj649780,Agent001
628,660,DriverLicense,kT133000,Agent001
629,661,Passport,Yx183716,KYCAdmin
630,662,IDCard,oA755521,Agent001
631,663,IDCard,Un580868,SecureScan
632,664,Passport,dy397791,ComplianceBot
633,665,ResidencePermit,vl433156,SecureScan
634,666,DriverLicense,qC233831,KYCAdmin
635,667,IDCard,MS981330,KYCAdmin
636,668,IDCard,cZ687215,SecureScan
637,669,ResidencePermit,EC007222,SecureScan
638,671,ResidencePermit,ih071819,Agent001
639,672,ResidencePermit,fa837240,Agent001
640,673,IDCard,fB558332,ComplianceBot
641,674,DriverLicense,ot978991,SecureScan
642,675,DriverLicense,Vd515510,Agent001
643,676,DriverLicense,iT033720,SecureScan
644,677,Passport,yL633745,ComplianceBot
645,678,Passport,GP328895,RegTechX
646,679,ResidencePermit,zv551683,KYCAdmin
647,680,ResidencePermit,JW786997,SecureScan
648,681,Passport,Uu725506,SecureScan
649,682,Passport,QP916845,RegTechX
650,683,Passport,OF254604,Agent001
651,684,DriverLicense,gF521126,KYCAdmin
652,685,IDCard,TZ317316,KYCAdmin
653,686,Passport,uk371316,Agent001
654,687,DriverLicense,DQ660026,Agent001
655,688,IDCard,dE777448,ComplianceBot
656,690,DriverLicense,dL222556,SecureScan
657,691,DriverLicense,iE848101,SecureScan
658,692,IDCard,pj294741,ComplianceBot
659,693,ResidencePermit,DH175743,KYCAdmin
660,694,ResidencePermit,Pk801993,Agent001
661,695,IDCard,dm803472,Agent001
662,696,Passport,ub488936,ComplianceBot
663,697,Passport,Tn380691,Agent001
664,698,Passport,YG318438,Agent001
665,699,DriverLicense,Re701259,Agent001
666,700,ResidencePermit,wT805758,Agent001
667,701,DriverLicense,fv513221,RegTechX
668,702,Passport,XX738730,KYCAdmin
669,703,IDCard,Ix405735,KYCAdmin
670,704,IDCard,BZ719660,ComplianceBot
671,705,DriverLicense,RW037278,Agent001
672,706,Passport,ps190862,RegTechX
673,707,IDCard,GN049246,Agent001
674,708,Passport,yt396193,KYCAdmin
675,709,ResidencePermit,Zx859559,RegTechX
676,710,ResidencePermit,ke682827,ComplianceBot
677,711,ResidencePermit,NB811421,KYCAdmin
678,712,DriverLicense,Vl596896,KYCAdmin
679,713,Passport,zJ770633,KYCAdmin
680,714,IDCard,Hs241265,SecureScan
681,715,DriverLicense,AT796687,ComplianceBot
682,716,ResidencePermit,Ie560189,RegTechX
683,717,IDCard,qK586906,ComplianceBot
684,718,IDCard,la499156,ComplianceBot
685,719,DriverLicense,up354656,SecureScan
686,720,DriverLicense,Ky278732,ComplianceBot
687,721,IDCard,xi626196,KYCAdmin
688,723,IDCard,Il222193,RegTechX
689,724,Passport,UM692558,Agent001
690,725,IDCard,we373481,KYCAdmin
691,726,Passport,Ai802729,Agent001
692,727,Passport,Ox368425,ComplianceBot
693,728,DriverLicense,zf716497,ComplianceBot
694,729,Passport,sz488019,Agent001
695,730,Passport,IJ745425,Agent001
696,731,ResidencePermit,kL286945,KYCAdmin
697,732,ResidencePermit,wq979451,ComplianceBot
698,733,ResidencePermit,KC708369,SecureScan
699,734,IDCard,mm164131,Agent001
700,735,IDCard,Bq957066,Agent001
701,736,Passport,MF185558,SecureScan
702,738,DriverLicense,dK972246,ComplianceBot
703,739,ResidencePermit,SQ546820,SecureScan
704,740,DriverLicense,Gi370471,KYCAdmin
705,741,ResidencePermit,rf380315,SecureScan
706,742,IDCard,pL973519,Agent001
707,743,ResidencePermit,Yv567191,Agent001
708,744,DriverLicense,YD855610,ComplianceBot
709,745,DriverLicense,Ct980533,RegTechX
710,746,Passport,kK171409,KYCAdmin
711,747,ResidencePermit,NS145472,Agent001
712,748,IDCard,yl139091,RegTechX
713,749,ResidencePermit,wN947636,ComplianceBot
714,750,Passport,gf447112,KYCAdmin
715,751,ResidencePermit,Fl763065,KYCAdmin
716,752,DriverLicense,zr513136,ComplianceBot
717,753,DriverLicense,GO681271,RegTechX
718,755,DriverLicense,Gv323898,RegTechX
719,757,Passport,vN023676,Agent001
720,758,IDCard,fy087290,ComplianceBot
721,759,IDCard,Te504101,KYCAdmin
722,760,DriverLicense,Al415518,ComplianceBot
723,761,ResidencePermit,Ap427777,KYCAdmin
724,762,Passport,LC216257,SecureScan
725,763,Passport,uh777310,SecureScan
726,764,IDCard,cK643707,SecureScan
727,765,IDCard,If336850,RegTechX
728,766,DriverLicense,AO263522,ComplianceBot
729,767,DriverLicense,pW322172,Agent001
730,768,IDCard,BO440210,ComplianceBot
731,769,ResidencePermit,wl263439,RegTechX
732,770,DriverLicense,ZW621091,KYCAdmin
733,771,Passport,Yf845034,SecureScan
734,772,DriverLicense,Zs469262,RegTechX
735,773,Passport,zM362895,SecureScan
736,774,ResidencePermit,BC211962,SecureScan
737,775,ResidencePermit,hM887460,ComplianceBot
738,776,DriverLicense,VU819964,Agent001
739,778,ResidencePermit,VU521571,RegTechX
740,780,ResidencePermit,hC801843,RegTechX
741,781,IDCard,CX565732,Agent001
742,782,ResidencePermit,ri414869,RegTechX
743,783,ResidencePermit,cK135985,RegTechX
744,784,DriverLicense,Xn855824,RegTechX
745,785,DriverLicense,Dj080089,RegTechX
746,786,IDCard,zz941687,ComplianceBot
747,787,ResidencePermit,AW258752,ComplianceBot
748,788,Passport,Oz653678,RegTechX
749,789,DriverLicense,mY987927,Agent001
750,790,IDCard,Jb818394,SecureScan
751,791,Passport,aV562758,RegTechX
752,792,Passport,tS520520,ComplianceBot
753,793,ResidencePermit,nl216532,KYCAdmin
754,795,Passport,Ju271375,KYCAdmin
755,796,ResidencePermit,cS544941,SecureScan
756,797,DriverLicense,gl773984,KYCAdmin
757,798,IDCard,dB918466,Agent001
758,799,ResidencePermit,ru291880,SecureScan
759,800,Passport,sh698495,KYCAdmin
760,802,DriverLicense,kd877087,SecureScan
761,803,ResidencePermit,fM017062,KYCAdmin
762,804,DriverLicense,au977531,Agent001
763,805,ResidencePermit,KN254457,RegTechX
764,806,ResidencePermit,QL686300,RegTechX
765,807,IDCard,Wd826440,Agent001
766,808,ResidencePermit,wF233885,SecureScan
767,809,ResidencePermit,oj154488,KYCAdmin
768,810,IDCard,gt505238,RegTechX
769,811,DriverLicense,gz309239,ComplianceBot
770,813,Passport,Ij187359,RegTechX
771,814,IDCard,vM582592,KYCAdmin
772,815,Passport,pz490754,Agent001
773,816,ResidencePermit,Np738159,KYCAdmin
774,817,DriverLicense,KR097999,SecureScan
775,818,DriverLicense,QI366579,RegTechX
776,819,DriverLicense,wi777490,SecureScan
777,820,Passport,pZ053843,Agent001
778,821,DriverLicense,qz337955,Agent001
779,822,Passport,Ck157606,ComplianceBot
780,823,ResidencePermit,ZN297089,RegTechX
781,824,ResidencePermit,dC236631,RegTechX
782,826,DriverLicense,fc109877,RegTechX
783,827,IDCard,Nn446241,Agent001
784,828,ResidencePermit,bc106946,ComplianceBot
785,829,DriverLicense,UW374914,KYCAdmin
786,830,Passport,GI412585,KYCAdmin
787,831,Passport,Sa497964,SecureScan
788,832,ResidencePermit,DJ930212,RegTechX
789,833,ResidencePermit,GE626340,KYCAdmin
790,834,ResidencePermit,tt059296,SecureScan
791,835,ResidencePermit,nA748544,Agent001
792,836,Passport,eO117032,SecureScan
793,837,IDCard,PO696715,SecureScan
794,838,Passport,Vi961833,KYCAdmin
795,839,Passport,pf225112,SecureScan
796,840,ResidencePermit,aX923048,RegTechX
797,841,IDCard,oR786061,SecureScan
798,842,ResidencePermit,Cq945896,RegTechX
799,843,ResidencePermit,Ot778104,SecureScan
800,844,IDCard,MM383547,RegTechX
801,845,IDCard,wu890253,KYCAdmin
802,846,Passport,er674726,SecureScan
803,847,Passport,jO286748,Agent001
804,848,Passport,yp539287,RegTechX
805,849,DriverLicense,Aa414709,SecureScan
806,850,ResidencePermit,Yh704232,ComplianceBot
807,851,Passport,yK528803,KYCAdmin
808,852,IDCard,tY332255,RegTechX
809,853,DriverLicense,oI545723,KYCAdmin
810,854,ResidencePermit,UF592958,SecureScan
811,855,DriverLicense,TS201230,RegTechX
812,856,IDCard,CG029940,RegTechX
813,857,Passport,lE354024,ComplianceBot
814,858,DriverLicense,kV901516,SecureScan
815,859,IDCard,Lb386794,ComplianceBot
816,860,Passport,yR420236,RegTechX
817,861,DriverLicense,RF341713,ComplianceBot
818,863,ResidencePermit,KA772611,ComplianceBot
819,864,DriverLicense,pM656483,SecureScan
820,865,DriverLicense,Hy197294,SecureScan
821,866,DriverLicense,IQ368974,KYCAdmin
822,867,IDCard,mv338129,RegTechX
823,868,Passport,Dp481319,KYCAdmin
824,869,ResidencePermit,Xw280427,KYCAdmin
825,870,IDCard,dS782300,SecureScan
826,871,ResidencePermit,uP018586,Agent001
827,872,ResidencePermit,xh515302,SecureScan
828,873,DriverLicense,cW053380,RegTechX
829,874,IDCard,vV166591,SecureScan
830,875,ResidencePermit,Iv936053,RegTechX
831,876,Passport,zt524755,ComplianceBot
832,877,DriverLicense,fM635251,Agent001
833,878,Passport,ww958702,KYCAdmin
834,879,ResidencePermit,LI204278,KYCAdmin
835,880,IDCard,oS304276,Agent001
836,881,Passport,Aq451364,KYCAdmin
837,882,DriverLicense,gd697119,ComplianceBot
838,883,ResidencePermit,ke600517,KYCAdmin
839,884,Passport,pq417936,ComplianceBot
840,885,ResidencePermit,Nf670585,KYCAdmin
841,886,Passport,CR889916,SecureScan
842,887,Passport,xb581342,SecureScan
843,888,Passport,od500713,RegTechX
844,889,Passport,Rr103338,KYCAdmin
845,890,ResidencePermit,wi654622,SecureScan
846,891,DriverLicense,io057735,SecureScan
847,892,DriverLicense,VK465838,RegTechX
848,893,ResidencePermit,bV860022,ComplianceBot
849,894,Passport,fQ494718,SecureScan
850,895,IDCard,HB584706,Agent001
851,896,Passport,Wp398867,Agent001
852,897,IDCard,OT913182,RegTechX
853,898,ResidencePermit,tC415260,SecureScan
854,899,ResidencePermit,kn228166,KYCAdmin
855,900,Passport,mi606479,SecureScan
856,901,IDCard,Ic513272,Agent001
857,902,ResidencePermit,ld914670,KYCAdmin
858,903,DriverLicense,QS665447,Agent001
859,905,DriverLicense,pl740589,RegTechX
860,906,ResidencePermit,Tx851727,KYCAdmin
861,907,ResidencePermit,SR002519,Agent001
862,908,ResidencePermit,zw295970,RegTechX
863,909,Passport,Sx592886,SecureScan
864,910,Passport,ce376249,ComplianceBot
865,911,Passport,tw831756,SecureScan
866,912,Passport,nh862051,KYCAdmin
867,913,ResidencePermit,kq430005,SecureScan
868,914,IDCard,xJ256090,KYCAdmin
869,915,DriverLicense,Sa324644,Agent001
870,916,DriverLicense,yp865315,SecureScan
871,917,Passport,YJ360027,RegTechX
872,919,ResidencePermit,qH602863,SecureScan
873,920,IDCard,iQ058004,RegTechX
874,922,ResidencePermit,HT873087,ComplianceBot
875,923,DriverLicense,NX172512,RegTechX
876,924,Passport,kE420029,Agent001
877,925,Passport,om653064,RegTechX
878,926,Passport,Fp143277,Agent001
879,927,IDCard,vL297980,Agent001
880,928,Passport,aH764276,Agent001
881,929,DriverLicense,DU948299,ComplianceBot
882,930,IDCard,fS697131,KYCAdmin
883,931,ResidencePermit,ac137388,KYCAdmin
884,932,Passport,Dy473773,ComplianceBot
885,933,IDCard,nz159341,SecureScan
886,934,IDCard,kP453375,ComplianceBot
887,935,IDCard,ol919143,ComplianceBot
888,936,IDCard,Qn902033,KYCAdmin
889,937,ResidencePermit,Il619102,SecureScan
890,938,ResidencePermit,eG444515,RegTechX
891,940,ResidencePermit,FU244749,KYCAdmin
892,942,ResidencePermit,hc488299,Agent001
893,943,IDCard,sA020165,SecureScan
894,944,Passport,Ib414970,Agent001
895,945,ResidencePermit,Bi536373,KYCAdmin
896,946,Passport,xX500771,Agent001
897,947,Passport,ub150938,ComplianceBot
898,948,ResidencePermit,wM865453,SecureScan
899,949,IDCard,Sb824735,Agent001
900,950,Passport,AA206586,ComplianceBot
901,951,Passport,uu211243,Agent001
902,952,ResidencePermit,FB023954,ComplianceBot
903,953,ResidencePermit,jD929467,SecureScan
904,954,ResidencePermit,Hc116275,ComplianceBot
905,955,IDCard,tO955700,KYCAdmin
906,956,IDCard,Vu857238,KYCAdmin
907,957,IDCard,AD654967,KYCAdmin
908,958,ResidencePermit,Mo633142,ComplianceBot
909,959,Passport,rQ521234,Agent001
910,960,Passport,nK282052,Agent001
911,961,Passport,Ox137424,ComplianceBot
912,962,ResidencePermit,Tt284513,KYCAdmin
913,963,ResidencePermit,gq085906,SecureScan
914,964,DriverLicense,uO043094,RegTechX
915,965,ResidencePermit,Qa656484,ComplianceBot
916,966,IDCard,XC031181,ComplianceBot
917,967,DriverLicense,VD453200,ComplianceBot
918,968,ResidencePermit,Vw255242,ComplianceBot
919,969,Passport,tl552645,SecureScan
920,971,IDCard,mG633594,Agent001
921,972,ResidencePermit,sr195790,SecureScan
922,973,Passport,jR205150,SecureScan
923,974,DriverLicense,OY820080,RegTechX
924,975,IDCard,lp204179,KYCAdmin
925,976,DriverLicense,aR902644,Agent001
926,977,ResidencePermit,bS228089,SecureScan
927,978,DriverLicense,Oe695939,RegTechX
928,979,IDCard,Rq733323,RegTechX
929,980,Passport,dR063056,Agent001
930,981,DriverLicense,yZ478536,Agent001
931,982,ResidencePermit,Vr503729,ComplianceBot
932,983,ResidencePermit,CU064003,KYCAdmin
933,984,Passport,BO714448,RegTechX
934,985,IDCard,wg401932,KYCAdmin
935,986,DriverLicense,aL767656,Agent001
936,987,IDCard,rL577810,SecureScan
937,988,IDCard,Nd327804,ComplianceBot
938,989,IDCard,Se097796,Agent001
939,990,ResidencePermit,HT681666,Agent001
940,991,DriverLicense,nZ838630,ComplianceBot
941,992,IDCard,sr176686,SecureScan
942,993,Passport,OO051189,Agent001
943,994,DriverLicense,js411529,KYCAdmin
944,995,IDCard,hd635510,ComplianceBot
945,996,IDCard,Ad363212,SecureScan
946,997,DriverLicense,Lg557924,ComplianceBot
947,998,Passport,Yt382179,KYCAdmin
948,999,Passport,ra320621,ComplianceBot
949,1000,IDCard,lH811680,Agent001
